county,stores,closed,state,yoy,ff_wage_2025q2,ff_wage_yoy_2025q2,closure_rate_pct,wage_q
01003,6,0,AL,3.8226467181177726,424.0,-1.2,0.0,Q3
01069,3,0,AL,-1.3921520496545936,367.0,4.3,0.0,Q1 lowest
01073,15,1,AL,0.5766086661614933,456.0,5.3,6.666666666666667,Q4
01081,4,0,AL,-3.3821317223218186,380.0,6.1,0.0,Q1 lowest
01089,14,0,AL,-6.212946270931297,406.0,0.7,0.0,Q2
01097,9,1,AL,5.361122619244318,383.0,2.1,11.11111111111111,Q1 lowest
01101,7,1,AL,2.173014814697627,425.0,7.1,14.285714285714286,Q3
01103,3,0,AL,-2.5534979043961625,397.0,-1.2,0.0,Q2
01117,6,0,AL,-0.8665274604983341,433.0,0.9,0.0,Q3
01125,3,0,AL,-14.283777965264989,391.0,-0.3,0.0,Q1 lowest
02020,9,0,AK,4.939144091087555,568.0,7.0,0.0,Q5 highest
04005,4,0,AZ,0.3007133849677215,498.0,0.4,0.0,Q4
04013,216,6,AZ,2.0436024433017064,505.0,3.9,2.7777777777777777,Q4
04015,5,0,AZ,2.42762093148714,478.0,3.0,0.0,Q4
04019,42,7,AZ,5.446031374385396,486.0,5.2,16.666666666666668,Q4
04021,6,0,AZ,5.495642511620069,407.0,0.2,0.0,Q2
04025,6,0,AZ,1.3421287857781905,507.0,5.2,0.0,Q5 highest
04027,7,0,AZ,4.345019226990776,524.0,6.1,0.0,Q5 highest
05007,10,0,AR,0.5288340468395658,396.0,0.0,0.0,Q2
05031,3,1,AR,10.906451644051387,372.0,-0.5,33.333333333333336,Q1 lowest
05045,5,0,AR,-5.061330496276373,378.0,-1.3,0.0,Q1 lowest
05119,12,2,AR,1.86140892247485,409.0,2.5,16.666666666666668,Q2
05125,3,0,AR,-2.8304468113136805,396.0,2.3,0.0,Q2
05131,3,0,AR,5.804719061700238,380.0,4.1,0.0,Q1 lowest
05143,8,0,AR,-0.9404324712414924,393.0,2.1,0.0,Q1 lowest
06001,67,7,CA,3.89937322851347,631.0,2.6,10.447761194029852,Q5 highest
06007,10,0,CA,8.916466715188486,507.0,3.5,0.0,Q5 highest
06013,69,4,CA,2.851069424964936,588.0,3.9,5.797101449275362,Q5 highest
06017,10,0,CA,1.8949390603559602,524.0,4.2,0.0,Q5 highest
06019,69,4,CA,3.8963000171006517,543.0,9.5,5.797101449275362,Q5 highest
06023,4,0,CA,3.1993887549140014,517.0,0.0,0.0,Q5 highest
06025,8,0,CA,7.901102327662256,524.0,2.1,0.0,Q5 highest
06029,51,3,CA,4.524969272089963,536.0,4.1,5.882352941176471,Q5 highest
06031,9,1,CA,2.444965716347891,471.0,1.9,11.11111111111111,Q4
06037,551,43,CA,3.149828018087264,616.0,6.4,7.80399274047187,Q5 highest
06039,9,0,CA,4.28108922938919,507.0,3.3,0.0,Q5 highest
06041,13,0,CA,2.8944077184205774,683.0,5.4,0.0,Q5 highest
06045,5,0,CA,5.44827817007465,571.0,12.0,0.0,Q5 highest
06047,14,0,CA,3.2079389636190614,500.0,4.4,0.0,Q4
06053,30,3,CA,4.91294604378556,587.0,6.5,10.0,Q5 highest
06055,10,3,CA,3.026817475025023,661.0,2.6,30.0,Q5 highest
06057,3,0,CA,7.637037371774591,586.0,6.0,0.0,Q5 highest
06059,201,9,CA,1.708981690617084,583.0,5.2,4.477611940298507,Q5 highest
06061,35,2,CA,2.5000866312816505,550.0,2.0,5.714285714285714,Q5 highest
06065,141,2,CA,2.093097528943033,551.0,3.6,1.4184397163120568,Q5 highest
06067,99,6,CA,3.4982523126431246,545.0,4.6,6.0606060606060606,Q5 highest
06069,3,0,CA,5.956937674072549,587.0,5.8,0.0,Q5 highest
06071,116,7,CA,2.927932923718468,544.0,0.9,6.0344827586206895,Q5 highest
06073,196,12,CA,2.485901068993579,564.0,3.1,6.122448979591836,Q5 highest
06075,34,7,CA,8.031088082901562,748.0,2.7,20.58823529411765,Q5 highest
06077,43,0,CA,3.3796252909260804,543.0,5.0,0.0,Q5 highest
06079,20,1,CA,2.359370834444152,573.0,4.8,5.0,Q5 highest
06081,51,3,CA,3.5411107311800967,671.0,-0.6,5.882352941176471,Q5 highest
06083,24,0,CA,3.3526835849781778,574.0,2.9,0.0,Q5 highest
06085,110,8,CA,2.884465194897301,646.0,2.2,7.2727272727272725,Q5 highest
06087,18,2,CA,5.926928281461441,607.0,1.8,11.11111111111111,Q5 highest
06089,10,0,CA,5.543460925796994,528.0,5.4,0.0,Q5 highest
06093,3,0,CA,4.273856291978206,425.0,-5.1,0.0,Q3
06095,26,1,CA,2.6020816653322676,560.0,3.3,3.8461538461538463,Q5 highest
06097,36,2,CA,4.589004085423221,620.0,2.8,5.555555555555555,Q5 highest
06099,43,2,CA,2.646929824561406,500.0,3.1,4.651162790697675,Q4
06101,5,0,CA,2.715567217916637,519.0,3.2,0.0,Q5 highest
06103,4,0,CA,3.858040254540207,507.0,2.0,0.0,Q5 highest
06107,28,1,CA,4.311585966507536,487.0,2.5,3.5714285714285716,Q4
06111,48,1,CA,2.0054084446705422,546.0,3.2,2.0833333333333335,Q5 highest
06113,13,1,CA,5.855223943112509,542.0,5.2,7.6923076923076925,Q5 highest
08001,21,0,CO,3.9052547770700663,507.0,2.8,0.0,Q5 highest
08005,33,3,CO,2.8785739846123093,526.0,1.7,9.090909090909092,Q5 highest
08013,14,0,CO,-0.19403366077369583,516.0,3.8,0.0,Q5 highest
08014,4,0,CO,2.411024285929808,483.0,0.8,0.0,Q4
08031,40,5,CO,4.496246542868443,690.0,6.6,12.5,Q5 highest
08035,17,0,CO,0.3605574201580253,504.0,4.3,0.0,Q4
08037,3,0,CO,5.803167067495396,747.0,2.5,0.0,Q5 highest
08041,32,0,CO,2.5347141068750134,469.0,5.9,0.0,Q4
08045,3,0,CO,2.878076025889542,584.0,5.6,0.0,Q5 highest
08059,28,0,CO,1.3191410317133112,545.0,3.8,0.0,Q5 highest
08069,16,2,CO,2.1910789066584946,527.0,4.4,12.5,Q5 highest
08077,8,0,CO,3.8157328831695536,442.0,1.4,0.0,Q3
08101,4,0,CO,5.15313771685586,437.0,6.3,0.0,Q3
08117,3,0,CO,-3.1798436142484676,643.0,4.0,0.0,Q5 highest
08123,10,0,CO,3.805005386376237,459.0,5.3,0.0,Q4
10003,15,0,DE,0.8080601442233881,480.0,8.6,0.0,Q4
11001,44,4,DC,8.564917860217403,729.0,0.3,9.090909090909092,Q5 highest
12001,7,1,FL,-0.4719695542549862,453.0,4.6,14.285714285714286,Q3
12005,6,0,FL,-2.257434339049269,467.0,3.8,0.0,Q4
12009,16,0,FL,0.8957222408860764,441.0,5.0,0.0,Q3
12011,58,0,FL,2.954618282125465,511.0,8.7,0.0,Q5 highest
12015,6,0,FL,-1.0908568967991972,442.0,3.8,0.0,Q3
12019,4,0,FL,2.2747969050671557,412.0,3.8,0.0,Q2
12021,12,0,FL,-0.2479969477298782,525.0,6.3,0.0,Q5 highest
12023,3,0,FL,3.546033968242268,436.0,5.6,0.0,Q3
12031,28,0,FL,-0.2311025517573339,453.0,5.3,0.0,Q3
12033,7,0,FL,2.7125565115939887,450.0,3.4,0.0,Q3
12053,4,0,FL,-1.0419892394078203,419.0,4.8,0.0,Q2
12057,39,1,FL,-0.03533714868341756,485.0,6.8,2.5641025641025643,Q4
12061,3,0,FL,-4.851094899047004,467.0,10.4,0.0,Q4
12069,11,0,FL,0.42980094650144074,446.0,9.0,0.0,Q3
12071,22,0,FL,-0.971218235841942,466.0,-1.7,0.0,Q4
12073,12,0,FL,0.0112449799196889,398.0,3.4,0.0,Q2
12081,14,0,FL,1.7846925151903117,454.0,-4.8,0.0,Q3
12083,8,0,FL,3.7624049557668737,437.0,7.4,0.0,Q3
12085,4,0,FL,2.2521464947526715,462.0,10.3,0.0,Q4
12086,73,2,FL,-0.5109052883178977,558.0,0.9,2.73972602739726,Q5 highest
12091,10,0,FL,3.3639722381541226,487.0,0.4,0.0,Q4
12095,55,1,FL,2.024567326940452,489.0,5.8,1.8181818181818181,Q4
12097,12,0,FL,4.07439106169889,439.0,3.1,0.0,Q3
12099,47,0,FL,0.175817150163815,468.0,4.5,0.0,Q4
12101,15,0,FL,0.9687499999999848,413.0,6.7,0.0,Q2
12103,33,1,FL,1.8925452455926584,491.0,7.4,3.0303030303030303,Q4
12105,12,0,FL,4.129046465536224,437.0,6.1,0.0,Q3
12109,14,0,FL,0.8330445720927004,425.0,4.7,0.0,Q3
12111,7,0,FL,-2.6980475336159824,442.0,5.7,0.0,Q3
12113,6,0,FL,-0.14055180242571466,435.0,4.6,0.0,Q3
12115,17,0,FL,0.12478819100651956,536.0,11.2,0.0,Q5 highest
12117,19,0,FL,1.1267288110621165,437.0,9.8,0.0,Q3
12119,4,0,FL,1.6027959336126718,425.0,-0.7,0.0,Q3
12127,10,0,FL,-1.7100316945529603,427.0,1.7,0.0,Q3
12131,5,0,FL,2.388945506864104,618.0,9.6,0.0,Q5 highest
13051,7,1,GA,-2.882229336050984,463.0,4.0,14.285714285714286,Q4
13057,11,0,GA,-1.52295632698769,404.0,3.1,0.0,Q2
13067,23,0,GA,0.5980861244019087,436.0,4.1,0.0,Q3
13073,4,0,GA,1.3007509856414745,395.0,4.8,0.0,Q2
13077,3,0,GA,-1.88950776856861,411.0,1.5,0.0,Q2
13089,10,0,GA,3.07852774061379,469.0,3.3,0.0,Q4
13113,3,0,GA,1.8445354727682608,393.0,0.0,0.0,Q1 lowest
13117,6,0,GA,-2.040789410370858,418.0,3.7,0.0,Q2
13121,49,3,GA,-0.6068794154545254,543.0,3.4,6.122448979591836,Q5 highest
13127,4,0,GA,-0.6349654489098133,480.0,3.2,0.0,Q4
13135,27,0,GA,1.4108581030187084,434.0,2.1,0.0,Q3
13139,5,0,GA,-0.393660002071905,420.0,-0.5,0.0,Q2
13151,8,0,GA,-1.1733121751963838,366.0,5.2,0.0,Q1 lowest
13215,5,0,GA,-1.1058836760323263,386.0,4.6,0.0,Q1 lowest
13223,4,0,GA,-1.4126712216199488,353.0,3.5,0.0,Q1 lowest
13245,6,0,GA,-0.2950834774565203,384.0,3.5,0.0,Q1 lowest
15003,49,0,HI,3.4363088126528885,545.0,2.1,0.0,Q5 highest
15009,8,0,HI,2.817404675978208,633.0,2.1,0.0,Q5 highest
16001,22,0,ID,2.66453864904298,427.0,1.2,0.0,Q3
16005,3,1,ID,9.315066216492564,352.0,2.9,33.333333333333336,Q1 lowest
16019,3,0,ID,3.6159475988370104,354.0,4.7,0.0,Q1 lowest
16027,6,0,ID,7.527245092905464,409.0,5.7,0.0,Q2
16055,7,0,ID,7.038654030454694,426.0,4.4,0.0,Q3
16083,3,0,ID,5.8839491655736875,400.0,6.7,0.0,Q2
17019,6,0,IL,-3.5019873240949573,436.0,1.9,0.0,Q3
17031,231,14,IL,4.692325800572005,523.0,2.8,6.0606060606060606,Q5 highest
17037,3,0,IL,3.050485375891432,417.0,9.4,0.0,Q2
17043,51,1,IL,1.3658176448874126,501.0,5.3,1.9607843137254901,Q4
17063,3,0,IL,1.9286857744347683,392.0,4.0,0.0,Q1 lowest
17089,19,0,IL,-0.04349154261050195,449.0,5.2,0.0,Q3
17093,5,0,IL,3.036318520189485,422.0,5.8,0.0,Q2
17097,34,1,IL,2.0692581350566286,494.0,6.2,2.9411764705882355,Q4
17099,3,0,IL,0.9883868641255013,407.0,8.8,0.0,Q2
17111,16,0,IL,1.19471500456112,440.0,4.0,0.0,Q3
17113,6,0,IL,0.5658400951351616,428.0,4.1,0.0,Q3
17119,6,0,IL,-0.1186811120772679,418.0,5.8,0.0,Q2
17143,6,0,IL,0.1282983951421457,453.0,5.6,0.0,Q3
17161,3,0,IL,-0.8972917252366153,401.0,2.8,0.0,Q2
17163,4,0,IL,-0.8253421042357655,455.0,5.1,0.0,Q3
17167,5,0,IL,-6.256421348618401,427.0,4.1,0.0,Q3
17179,3,0,IL,4.0493222891566205,420.0,4.5,0.0,Q2
17197,23,0,IL,0.7487403898267742,436.0,3.3,0.0,Q3
17201,12,0,IL,1.8024480202206483,432.0,1.9,0.0,Q3
18003,15,0,IN,0.2819082408528794,378.0,1.9,0.0,Q1 lowest
18005,3,1,IN,0.5397509341909412,454.0,14.6,33.333333333333336,Q3
18011,4,0,IN,-2.500084736691932,402.0,1.3,0.0,Q2
18019,4,0,IN,3.056809311581221,402.0,1.0,0.0,Q2
18035,3,0,IN,-3.1071835803876846,368.0,1.9,0.0,Q1 lowest
18039,3,0,IN,3.3090183609214785,373.0,0.3,0.0,Q1 lowest
18053,3,0,IN,1.209168805184646,361.0,7.8,0.0,Q1 lowest
18057,23,0,IN,-1.19554294496661,433.0,4.6,0.0,Q3
18059,5,1,IN,0.9922283897790707,396.0,1.5,20.0,Q2
18063,9,0,IN,-3.070761014686252,400.0,4.2,0.0,Q2
18081,5,0,IN,-0.8081961822681505,405.0,5.7,0.0,Q2
18089,12,1,IN,1.8253893713384817,358.0,1.4,8.333333333333334,Q1 lowest
18095,3,0,IN,-1.693215785689961,365.0,-0.3,0.0,Q1 lowest
18097,36,0,IN,0.1649928263988576,447.0,2.8,0.0,Q3
18105,6,0,IN,2.506376048182357,435.0,5.6,0.0,Q3
18127,7,0,IN,-6.338938948559114,395.0,2.9,0.0,Q2
18141,8,0,IN,0.23971775081802488,414.0,5.6,0.0,Q2
18157,9,0,IN,2.121036828912226,378.0,0.0,0.0,Q1 lowest
18163,4,0,IN,-1.7842138934575422,393.0,4.0,0.0,Q1 lowest
18167,4,0,IN,1.0231031639547472,357.0,0.8,0.0,Q1 lowest
19013,4,0,IA,8.548421928891582,367.0,1.4,0.0,Q1 lowest
19049,7,0,IA,-1.180786119738686,438.0,0.5,0.0,Q3
19103,5,0,IA,-1.3106691813689175,408.0,0.5,0.0,Q2
19113,7,0,IA,4.105076442267075,383.0,1.9,0.0,Q1 lowest
19153,17,1,IA,3.1098825155494003,443.0,0.9,5.882352941176471,Q3
19163,5,0,IA,3.929439104256893,385.0,2.4,0.0,Q1 lowest
19169,4,0,IA,2.5188881620735124,393.0,2.1,0.0,Q1 lowest
19193,3,0,IA,2.9857759173038234,382.0,0.8,0.0,Q1 lowest
20045,4,1,KS,-4.890419995602146,386.0,-1.8,25.0,Q1 lowest
20091,27,0,KS,2.2587516578915556,485.0,4.3,0.0,Q4
20173,15,0,KS,4.761007770190728,390.0,3.2,0.0,Q1 lowest
20177,3,0,KS,1.6805402858488971,389.0,2.9,0.0,Q1 lowest
20209,3,0,KS,0.1772956503466982,434.0,2.8,0.0,Q3
21015,4,0,KY,-0.8220171414942246,493.0,2.1,0.0,Q4
21037,3,0,KY,-0.180121172425085,401.0,-0.7,0.0,Q2
21067,15,0,KY,1.6779161401350051,450.0,2.0,0.0,Q3
21093,3,0,KY,-3.5628728809680044,417.0,2.5,0.0,Q2
21111,21,0,KY,0.12846874589836904,495.0,-0.6,0.0,Q4
21151,3,0,KY,-0.3978507854476953,390.0,3.7,0.0,Q1 lowest
21227,3,0,KY,-1.8143964486351027,410.0,1.7,0.0,Q2
22005,3,0,LA,1.8448940269749636,349.0,3.3,0.0,Q1 lowest
22015,3,0,LA,4.638227382562565,365.0,4.9,0.0,Q1 lowest
22017,6,0,LA,-0.5205604940979989,398.0,6.7,0.0,Q2
22019,4,0,LA,0.34998449258087927,378.0,2.7,0.0,Q1 lowest
22033,11,0,LA,1.130038387715926,365.0,3.1,0.0,Q1 lowest
22051,11,0,LA,1.3017475857365124,432.0,5.4,0.0,Q3
22055,6,1,LA,1.027518493921109,370.0,2.5,16.666666666666668,Q1 lowest
22063,4,0,LA,2.137718075430761,341.0,7.2,0.0,Q1 lowest
22071,8,2,LA,7.842700303784689,485.0,2.3,25.0,Q4
22103,9,0,LA,1.1675866774173649,375.0,2.2,0.0,Q1 lowest
23005,10,0,ME,-1.711683417085419,539.0,3.9,0.0,Q5 highest
23031,3,0,ME,4.127858277838115,503.0,2.9,0.0,Q4
24003,18,0,MD,3.422725188492981,493.0,0.2,0.0,Q4
24005,19,0,MD,-0.4463218299195048,487.0,2.7,0.0,Q4
24009,3,0,MD,4.027814720522871,426.0,-3.4,0.0,Q3
24013,5,0,MD,6.791699227229309,436.0,1.4,0.0,Q3
24017,5,0,MD,-0.5328184235969813,489.0,4.3,0.0,Q4
24021,9,0,MD,-0.2643724514943657,441.0,-1.3,0.0,Q3
24025,7,0,MD,4.067520846044337,453.0,1.3,0.0,Q3
24027,8,0,MD,2.737065159653218,522.0,7.4,0.0,Q5 highest
24031,50,3,MD,1.935209900509571,549.0,3.0,6.0,Q5 highest
24033,23,0,MD,4.7115074674976,484.0,1.5,0.0,Q4
24510,15,5,MD,4.153243014421227,564.0,2.9,33.333333333333336,Q5 highest
25001,6,0,MA,-1.8395929275091873,611.0,1.2,0.0,Q5 highest
25003,3,0,MA,-2.7841972047980668,469.0,2.4,0.0,Q4
25005,11,0,MA,2.7806900495615627,476.0,3.7,0.0,Q4
25009,23,0,MA,1.6914238705120654,545.0,2.3,0.0,Q5 highest
25013,13,0,MA,4.631008162480377,479.0,4.4,0.0,Q4
25015,4,0,MA,7.725858598550662,507.0,3.5,0.0,Q5 highest
25017,55,0,MA,1.3745306442760508,602.0,2.0,0.0,Q5 highest
25021,25,1,MA,2.239799148044741,539.0,0.4,4.0,Q5 highest
25023,11,0,MA,1.7047430569545052,505.0,1.6,0.0,Q4
25025,25,0,MA,7.550077041602465,668.0,2.3,0.0,Q5 highest
25027,18,1,MA,-1.5530392388141911,501.0,2.2,5.555555555555555,Q4
26049,6,0,MI,0.7779030386518504,410.0,5.9,0.0,Q2
26055,3,0,MI,10.494668980907518,432.0,0.0,0.0,Q3
26065,8,1,MI,0.5403816368866554,433.0,2.9,12.5,Q3
26077,5,0,MI,0.7504853524963107,393.0,2.1,0.0,Q1 lowest
26081,18,0,MI,5.285571765647679,404.0,1.8,0.0,Q2
26099,14,0,MI,2.527652913652234,413.0,9.5,0.0,Q2
26125,41,0,MI,2.4391283045395395,446.0,2.5,0.0,Q3
26145,5,0,MI,3.362449118046129,372.0,6.9,0.0,Q1 lowest
26161,10,1,MI,3.657280219780223,458.0,3.6,10.0,Q4
26163,23,1,MI,3.3243507500059666,472.0,3.3,4.3478260869565215,Q4
27003,9,0,MN,-5.360318401219399,420.0,5.0,0.0,Q2
27053,40,3,MN,1.5887179686135957,516.0,3.2,7.5,Q5 highest
27109,5,1,MN,19.217128896679558,420.0,-7.1,20.0,Q2
27123,14,2,MN,1.9342530627398102,493.0,5.1,14.285714285714286,Q4
27137,3,0,MN,4.681599882685061,414.0,5.3,0.0,Q2
27145,4,0,MN,-2.014718845127028,369.0,6.3,0.0,Q1 lowest
27163,9,0,MN,0.4647240245061912,424.0,3.4,0.0,Q3
27171,4,0,MN,-1.290002211550867,374.0,3.3,0.0,Q1 lowest
28033,6,0,MS,-0.547301468857575,363.0,-0.5,0.0,Q1 lowest
28047,4,0,MS,-3.6658580983875533,357.0,7.9,0.0,Q1 lowest
28049,3,0,MS,3.3463961887198357,359.0,3.2,0.0,Q1 lowest
29019,5,0,MO,-1.5357796565850237,410.0,5.9,0.0,Q2
29037,3,0,MO,1.0814539113233712,402.0,6.9,0.0,Q2
29047,9,0,MO,4.610912343470486,435.0,8.8,0.0,Q3
29077,8,0,MO,1.8475880043498538,443.0,3.3,0.0,Q3
29095,14,0,MO,3.461014971806331,459.0,4.6,0.0,Q4
29097,3,0,MO,-2.608014327289021,398.0,3.6,0.0,Q2
29183,12,0,MO,0.33947686574828384,422.0,5.5,0.0,Q2
29189,40,0,MO,-1.5549616950216005,465.0,5.0,0.0,Q4
29510,8,0,MO,-0.21543588399224323,506.0,4.1,0.0,Q4
30013,3,0,MT,4.362824008673094,477.0,14.1,0.0,Q4
30029,3,0,MT,9.5130206911612,505.0,6.5,0.0,Q4
30049,3,0,MT,-1.613209337635213,484.0,8.0,0.0,Q4
30063,3,0,MT,0.5083732057416412,476.0,3.5,0.0,Q4
30111,8,1,MT,3.9650768419651428,461.0,9.0,12.5,Q4
31055,23,4,NE,2.960121801253157,444.0,5.7,17.391304347826086,Q3
31079,3,0,NE,-3.285919352733913,404.0,8.6,0.0,Q2
31109,5,0,NE,3.0209039629528034,396.0,3.7,0.0,Q2
31153,7,0,NE,3.1002220017765536,415.0,5.6,0.0,Q2
32003,110,8,NV,3.3060789193032347,484.0,3.2,7.2727272727272725,Q4
32005,3,0,NV,-3.1384074862335742,457.0,-2.4,0.0,Q4
32031,34,0,NV,0.1126291562607129,471.0,3.7,0.0,Q4
32510,4,0,NV,7.823315791732965,480.0,1.7,0.0,Q4
33009,4,0,NH,0.100066711140756,615.0,2.5,0.0,Q5 highest
33011,9,0,NH,2.3836382363038977,517.0,5.1,0.0,Q5 highest
33013,3,0,NH,4.055925893862011,521.0,0.0,0.0,Q5 highest
33015,8,0,NH,-0.2544995794865279,523.0,5.7,0.0,Q5 highest
33017,3,0,NH,-2.3944847910746248,513.0,6.4,0.0,Q5 highest
34001,4,0,NJ,1.6781012085661295,474.0,3.3,0.0,Q4
34003,36,2,NJ,1.572975827909906,531.0,2.9,5.555555555555555,Q5 highest
34005,14,0,NJ,3.316005131278532,470.0,2.8,0.0,Q4
34007,13,0,NJ,2.221252407441477,475.0,3.0,0.0,Q4
34013,14,0,NJ,0.9548483680065667,524.0,2.7,0.0,Q5 highest
34017,14,0,NJ,2.3925226196081617,533.0,4.7,0.0,Q5 highest
34019,3,0,NJ,0.8278947489795296,442.0,-1.1,0.0,Q3
34021,9,0,NJ,3.203599952318537,494.0,1.9,0.0,Q4
34023,11,0,NJ,3.402268178785861,503.0,1.4,0.0,Q4
34025,24,0,NJ,0.23000676732491954,477.0,3.5,0.0,Q4
34027,14,1,NJ,2.0650115443484607,494.0,3.3,7.142857142857143,Q4
34029,5,0,NJ,-2.2769021431001346,488.0,4.9,0.0,Q4
34031,12,0,NJ,1.06904565499496,523.0,-1.1,0.0,Q5 highest
34035,12,0,NJ,4.583005474086022,515.0,2.6,0.0,Q5 highest
34039,9,0,NJ,1.354975676918102,505.0,1.2,0.0,Q4
35001,35,2,NM,4.169575131462611,464.0,2.4,5.714285714285714,Q4
35013,8,1,NM,2.940316647490415,416.0,5.6,12.5,Q2
35043,5,0,NM,2.8083461523291,411.0,4.1,0.0,Q2
35045,4,0,NM,0.4247302609419856,401.0,1.8,0.0,Q2
35049,7,1,NM,8.263367371835738,535.0,3.3,14.285714285714286,Q5 highest
35061,3,0,NM,9.104871118847123,434.0,2.4,0.0,Q3
36001,10,1,NY,2.440902092201802,489.0,-0.2,10.0,Q4
36005,12,0,NY,3.6471288627891174,514.0,-0.4,0.0,Q5 highest
36007,3,0,NY,7.679931947629259,471.0,1.3,0.0,Q4
36027,5,0,NY,0.5923519717199843,473.0,1.3,0.0,Q4
36029,23,0,NY,-3.857860686680259,449.0,0.2,0.0,Q3
36047,41,4,NY,5.108759063255275,564.0,0.7,9.75609756097561,Q5 highest
36055,18,0,NY,0.6514181152790677,448.0,2.3,0.0,Q3
36059,45,1,NY,0.3353802550779328,555.0,0.7,2.2222222222222223,Q5 highest
36061,136,7,NY,6.170934896636826,701.0,2.3,5.147058823529412,Q5 highest
36067,11,0,NY,4.970644884319975,440.0,-1.6,0.0,Q3
36071,9,0,NY,-6.372062376355636,486.0,4.1,0.0,Q4
36081,42,3,NY,2.0138568317428107,567.0,4.4,7.142857142857143,Q5 highest
36083,4,0,NY,-2.23192305057196,482.0,3.9,0.0,Q4
36085,10,0,NY,0.2797589429436531,510.0,-2.3,0.0,Q5 highest
36087,4,0,NY,3.550153673896561,541.0,1.7,0.0,Q5 highest
36091,3,0,NY,1.3707873148904648,493.0,2.9,0.0,Q4
36093,3,0,NY,16.935014548981563,478.0,0.6,0.0,Q4
36103,63,1,NY,-0.6967905405405483,528.0,1.7,1.5873015873015872,Q5 highest
36111,6,0,NY,0.9530278950797721,477.0,7.0,0.0,Q4
36119,29,2,NY,3.7518376947956567,571.0,-1.0,6.896551724137931,Q5 highest
37001,6,0,NC,-1.3683679337174737,395.0,-0.8,0.0,Q2
37021,12,0,NC,1.2920673076923128,523.0,2.1,0.0,Q5 highest
37025,6,0,NC,0.8747624007997444,406.0,4.1,0.0,Q2
37035,6,0,NC,-0.09731678554135151,375.0,3.9,0.0,Q1 lowest
37051,10,0,NC,-0.015470079459956,356.0,7.6,0.0,Q1 lowest
37063,11,1,NC,4.988921995568796,506.0,4.1,9.090909090909092,Q4
37067,14,0,NC,0.04447213122668603,409.0,3.8,0.0,Q2
37071,3,0,NC,-0.5470119674595264,438.0,9.0,0.0,Q3
37081,17,1,NC,1.6549144855924292,401.0,5.8,5.882352941176471,Q2
37097,4,0,NC,0.9408218136769064,395.0,1.3,0.0,Q2
37119,53,1,NC,0.8728039204143889,475.0,5.1,1.8867924528301887,Q4
37125,4,0,NC,-6.455568907169756,398.0,4.7,0.0,Q2
37129,7,0,NC,-0.4701141705842904,440.0,5.5,0.0,Q3
37133,8,0,NC,2.4683614206471693,382.0,4.9,0.0,Q1 lowest
37147,5,0,NC,-1.2746481885452798,379.0,5.6,0.0,Q1 lowest
37179,4,0,NC,0.8194192653043775,384.0,5.8,0.0,Q1 lowest
37183,46,2,NC,-0.394422724284682,445.0,3.7,4.3478260869565215,Q3
38015,4,0,ND,-5.763504255818829,445.0,5.0,0.0,Q3
38017,6,0,ND,-1.4051145864611925,452.0,1.3,0.0,Q3
38035,4,0,ND,6.176713827580516,417.0,2.2,0.0,Q2
39017,9,0,OH,0.5160476483995424,377.0,3.3,0.0,Q1 lowest
39025,4,0,OH,1.9394007532745008,422.0,5.0,0.0,Q2
39035,40,1,OH,1.6506353164707388,416.0,4.3,2.5,Q2
39041,10,0,OH,-0.7507744048608045,469.0,3.1,0.0,Q4
39045,3,0,OH,-3.5762046371163034,388.0,6.3,0.0,Q1 lowest
39049,44,0,OH,2.650566243400987,462.0,2.7,0.0,Q4
39057,5,0,OH,4.007736112603433,387.0,3.5,0.0,Q1 lowest
39061,23,1,OH,3.137053950146962,431.0,4.9,4.3478260869565215,Q3
39085,6,1,OH,-0.0509178614498062,386.0,1.3,16.666666666666668,Q1 lowest
39093,6,0,OH,-7.000069867982168,364.0,1.1,0.0,Q1 lowest
39095,7,0,OH,-1.3391194905575554,394.0,2.9,0.0,Q2
39099,4,0,OH,-4.805079885179936,380.0,2.7,0.0,Q1 lowest
39103,4,0,OH,-1.5205229047803637,356.0,0.3,0.0,Q1 lowest
39113,7,0,OH,0.1172412238179987,413.0,5.9,0.0,Q2
39133,4,0,OH,-1.4590691970690517,355.0,3.8,0.0,Q1 lowest
39151,12,0,OH,1.4474080442729353,380.0,0.0,0.0,Q1 lowest
39153,12,0,OH,5.0301915152771715,404.0,10.4,0.0,Q2
39155,3,0,OH,0.943467269108722,353.0,2.6,0.0,Q1 lowest
39165,5,0,OH,-2.149176933213426,387.0,2.9,0.0,Q1 lowest
39173,4,0,OH,-0.9934946968483682,367.0,6.4,0.0,Q1 lowest
40017,5,0,OK,2.1161621397470576,376.0,5.3,0.0,Q1 lowest
40027,11,1,OK,0.6654230255900673,430.0,-0.7,9.090909090909092,Q3
40109,32,3,OK,3.2887323553851155,422.0,4.2,9.375,Q2
40143,22,0,OK,2.724414916651907,409.0,2.8,0.0,Q2
41003,4,1,OR,1.3414756941454165,413.0,2.2,25.0,Q2
41005,25,2,OR,2.198549410698103,490.0,5.2,8.0,Q4
41017,10,0,OR,0.3987763574784253,551.0,9.5,0.0,Q5 highest
41019,3,0,OR,10.238436131369145,431.0,4.9,0.0,Q3
41029,9,3,OR,4.6483528633542885,475.0,1.7,33.333333333333336,Q4
41039,13,2,OR,1.1810820568363356,460.0,3.4,15.384615384615385,Q4
41041,3,0,OR,11.342078708375404,559.0,10.0,0.0,Q5 highest
41043,3,0,OR,3.5933333333333373,422.0,3.4,0.0,Q2
41047,14,0,OR,3.5476131835654012,454.0,4.8,0.0,Q3
41051,45,6,OR,5.724400733517687,569.0,2.9,13.333333333333334,Q5 highest
41053,3,0,OR,1.916535302414335,402.0,3.6,0.0,Q2
41067,35,0,OR,3.839632990924513,515.0,3.0,0.0,Q5 highest
41071,4,0,OR,3.456154280151569,475.0,0.8,0.0,Q4
42003,46,1,PA,2.2603978300180794,440.0,4.3,2.1739130434782608,Q3
42007,3,0,PA,-4.024775836337258,334.0,0.6,0.0,Q1 lowest
42011,6,0,PA,1.1494272496797908,386.0,-4.0,0.0,Q1 lowest
42017,13,0,PA,1.7169480314054963,426.0,1.4,0.0,Q3
42019,5,0,PA,2.0695652173913226,368.0,0.0,0.0,Q1 lowest
42027,3,0,PA,1.2392136508142526,436.0,1.9,0.0,Q3
42029,17,0,PA,-1.756870060912791,442.0,3.3,0.0,Q3
42041,8,0,PA,1.4223555658814613,411.0,5.7,0.0,Q2
42043,8,0,PA,3.4430399881497875,409.0,0.5,0.0,Q2
42045,12,0,PA,-1.8079147502163215,429.0,4.1,0.0,Q3
42049,5,0,PA,3.9680091654181737,352.0,1.1,0.0,Q1 lowest
42055,3,0,PA,-1.3228536880290245,361.0,1.1,0.0,Q1 lowest
42069,6,0,PA,3.4002802294502588,402.0,2.8,0.0,Q2
42071,14,1,PA,3.5430972313673648,408.0,5.4,7.142857142857143,Q2
42077,7,0,PA,1.7921146953405076,427.0,3.4,0.0,Q3
42079,5,0,PA,1.6707489592699631,401.0,4.2,0.0,Q2
42089,4,0,PA,5.372028403828355,442.0,3.3,0.0,Q3
42091,32,0,PA,-1.1665715915573305,468.0,3.8,0.0,Q4
42095,5,0,PA,1.8249936139414835,429.0,1.9,0.0,Q3
42101,28,6,PA,2.5914233096553607,491.0,3.2,21.428571428571427,Q4
42125,5,0,PA,-0.308374930671107,382.0,5.2,0.0,Q1 lowest
42129,10,0,PA,4.54370334697809,366.0,7.3,0.0,Q1 lowest
42133,10,0,PA,1.9131511687246472,385.0,2.1,0.0,Q1 lowest
44003,4,0,RI,0.7786124602773281,480.0,1.1,0.0,Q4
44007,10,0,RI,1.9652558857066185,512.0,7.1,0.0,Q5 highest
45003,4,0,SC,-2.052621512867725,376.0,1.9,0.0,Q1 lowest
45007,7,0,SC,-5.881881883087692,379.0,7.4,0.0,Q1 lowest
45013,7,1,SC,5.216104959117073,460.0,3.8,14.285714285714286,Q4
45015,7,0,SC,-1.5477560414269176,417.0,4.2,0.0,Q2
45019,16,0,SC,2.153733259952295,515.0,2.8,0.0,Q5 highest
45041,3,0,SC,-1.9197454481173823,384.0,8.8,0.0,Q1 lowest
45045,27,1,SC,-2.636419099084797,421.0,5.0,3.7037037037037037,Q2
45051,13,0,SC,-1.0142145170360828,455.0,3.6,0.0,Q3
45063,13,0,SC,0.395489734096266,392.0,1.3,0.0,Q1 lowest
45075,3,0,SC,-0.088577882102836,360.0,2.0,0.0,Q1 lowest
45077,4,0,SC,-2.216413671415923,377.0,5.9,0.0,Q1 lowest
45079,15,0,SC,-0.1811363114524122,388.0,5.1,0.0,Q1 lowest
45083,10,0,SC,1.9139957801667995,407.0,4.4,0.0,Q2
45091,7,0,SC,-0.1193226535327163,392.0,-0.3,0.0,Q1 lowest
46083,4,0,SD,12.46727140235725,350.0,0.0,0.0,Q1 lowest
46099,12,3,SD,1.7673627021011828,422.0,1.2,25.0,Q2
46103,5,0,SD,-1.5867968327662352,453.0,9.7,0.0,Q3
47001,3,0,TN,2.079040329702675,396.0,-0.3,0.0,Q2
47009,3,0,TN,-8.367302330905495,457.0,4.8,0.0,Q4
47037,31,2,TN,1.6592900887336892,570.0,4.8,6.451612903225806,Q5 highest
47065,11,0,TN,0.1220523212969615,427.0,3.6,0.0,Q3
47093,14,0,TN,1.643841779623545,456.0,3.9,0.0,Q4
47105,3,0,TN,-2.737866197279182,529.0,5.0,0.0,Q5 highest
47113,5,0,TN,-1.4620826076673366,398.0,3.4,0.0,Q2
47125,6,0,TN,1.5943047406067667,397.0,2.8,0.0,Q2
47149,9,0,TN,2.667885904963585,431.0,4.9,0.0,Q3
47155,3,0,TN,0.8469564482743941,537.0,7.4,0.0,Q5 highest
47157,26,0,TN,0.5069097136061518,428.0,0.7,0.0,Q3
47163,3,0,TN,0.7486907132846499,395.0,5.9,0.0,Q2
47165,5,0,TN,0.5726939523518659,416.0,0.5,0.0,Q2
47187,10,0,TN,-0.1986901765975268,474.0,3.7,0.0,Q4
47189,4,0,TN,-3.547273706681564,440.0,-1.6,0.0,Q3
48027,13,1,TX,2.3386804240054904,386.0,4.3,7.6923076923076925,Q1 lowest
48029,69,2,TX,3.508055853920511,447.0,2.3,2.898550724637681,Q3
48037,3,0,TX,-0.0635595809956868,410.0,4.9,0.0,Q2
48039,11,0,TX,1.6957017730427904,399.0,3.6,0.0,Q2
48041,10,1,TX,-2.7670792356878415,406.0,-2.2,10.0,Q2
48061,10,0,TX,3.6805336617184214,371.0,1.4,0.0,Q1 lowest
48085,63,2,TX,1.4225283569797351,464.0,-15.6,3.1746031746031744,Q4
48091,5,0,TX,0.8466784154470997,455.0,5.3,0.0,Q3
48113,99,4,TX,3.8585793801812036,520.0,3.2,4.040404040404041,Q5 highest
48121,40,0,TX,1.7848276906495486,432.0,3.6,0.0,Q3
48135,5,0,TX,6.171174209212937,481.0,3.7,0.0,Q4
48139,7,0,TX,0.673084632936416,387.0,1.3,0.0,Q1 lowest
48141,29,0,TX,7.174619132317694,360.0,-2.2,0.0,Q1 lowest
48157,27,2,TX,2.9653904563983646,421.0,3.7,7.407407407407407,Q2
48167,14,0,TX,1.4150549725004624,407.0,1.8,0.0,Q2
48181,3,0,TX,-13.429321392727545,392.0,2.1,0.0,Q1 lowest
48183,6,0,TX,4.997596478795707,398.0,4.7,0.0,Q2
48187,3,0,TX,2.224119530416213,399.0,4.5,0.0,Q2
48201,159,9,TX,4.193198434036138,452.0,2.7,5.660377358490566,Q3
48209,8,0,TX,4.067739549914595,431.0,3.1,0.0,Q3
48213,3,0,TX,-0.19252548131371,360.0,4.3,0.0,Q1 lowest
48215,21,0,TX,6.100774701549394,353.0,0.9,0.0,Q1 lowest
48231,3,0,TX,-1.0431199673466451,371.0,-3.4,0.0,Q1 lowest
48245,5,0,TX,-0.0160974764110033,436.0,7.1,0.0,Q3
48251,4,0,TX,0.07596754129654548,407.0,1.5,0.0,Q2
48257,5,0,TX,-0.2202766945009648,381.0,6.1,0.0,Q1 lowest
48303,10,0,TX,-0.18843154102793358,394.0,2.3,0.0,Q2
48309,9,0,TX,-1.9109078880123587,402.0,5.0,0.0,Q2
48329,6,0,TX,2.726000160657671,504.0,1.0,0.0,Q4
48339,24,0,TX,-0.6279857002752465,425.0,4.2,0.0,Q3
48355,9,0,TX,0.11131451337013654,412.0,-1.4,0.0,Q2
48367,4,0,TX,-7.359275211644134,422.0,2.2,0.0,Q2
48375,4,0,TX,6.393890337204621,384.0,1.6,0.0,Q1 lowest
48381,5,0,TX,0.9011608549930106,380.0,-1.0,0.0,Q1 lowest
48397,7,0,TX,-0.0431476187907953,434.0,3.8,0.0,Q3
48409,3,0,TX,-4.317503166759574,370.0,4.8,0.0,Q1 lowest
48423,7,1,TX,1.6348667596274291,419.0,5.3,14.285714285714286,Q2
48439,86,1,TX,2.424644235550399,442.0,3.0,1.1627906976744187,Q3
48441,3,0,TX,6.241808970522067,403.0,3.1,0.0,Q2
48451,4,0,TX,-0.39108727001749843,393.0,2.9,0.0,Q1 lowest
48453,49,0,TX,2.193289292485179,560.0,0.9,0.0,Q5 highest
48479,6,0,TX,0.8609111884017917,348.0,0.6,0.0,Q1 lowest
48485,4,0,TX,4.995632822456553,395.0,3.4,0.0,Q2
48491,30,0,TX,0.4348432703934479,499.0,2.3,0.0,Q4
49005,3,1,UT,9.017997131800316,365.0,2.8,33.333333333333336,Q1 lowest
49011,10,1,UT,4.347593009542194,387.0,6.6,10.0,Q1 lowest
49035,35,3,UT,4.297810218978104,466.0,3.6,8.571428571428571,Q4
49049,13,1,UT,1.5372883932127879,398.0,7.3,7.6923076923076925,Q2
49053,6,0,UT,8.01223980351895,405.0,3.1,0.0,Q2
49057,9,0,UT,2.1739130434782705,393.0,5.9,0.0,Q1 lowest
50007,6,0,VT,2.5810595954565807,532.0,5.8,0.0,Q5 highest
51003,6,0,VA,5.952377388387864,495.0,-2.6,0.0,Q4
51013,14,2,VA,8.229000392177777,577.0,-0.7,14.285714285714286,Q5 highest
51015,3,0,VA,4.307013981551311,370.0,-1.6,0.0,Q1 lowest
51041,14,0,VA,4.642064477297536,420.0,4.2,0.0,Q2
51059,47,1,VA,4.809971829534387,532.0,2.5,2.127659574468085,Q5 highest
51061,3,0,VA,20.612306759624133,437.0,3.1,0.0,Q3
51069,3,0,VA,-2.4397222149972753,465.0,8.4,0.0,Q4
51085,4,0,VA,3.003750101226943,441.0,7.3,0.0,Q3
51087,17,0,VA,1.0417799085424062,451.0,5.9,0.0,Q3
51095,3,0,VA,2.651379433894663,455.0,6.1,0.0,Q3
51107,15,0,VA,6.120750087627069,531.0,10.6,0.0,Q5 highest
51121,3,0,VA,3.142986709456874,420.0,7.4,0.0,Q2
51153,11,0,VA,6.617498327342908,456.0,5.3,0.0,Q4
51177,6,0,VA,7.8304651687082,422.0,3.9,0.0,Q2
51179,4,0,VA,-0.03808532690485755,407.0,-1.7,0.0,Q2
51199,4,0,VA,8.549796522251595,455.0,1.1,0.0,Q3
51510,10,1,VA,14.171354392038094,559.0,1.5,10.0,Q5 highest
51540,3,0,VA,3.4164495720133914,538.0,1.5,0.0,Q5 highest
51550,9,0,VA,4.825477107654308,391.0,4.5,0.0,Q1 lowest
51610,3,0,VA,5.220261349858535,540.0,-3.9,0.0,Q5 highest
51630,3,0,VA,14.425210830004431,447.0,5.7,0.0,Q3
51650,3,0,VA,6.701045861459565,395.0,0.3,0.0,Q2
51660,3,0,VA,2.409182027086487,419.0,0.5,0.0,Q2
51680,3,1,VA,0.8618466603683261,409.0,3.0,33.333333333333336,Q2
51683,3,0,VA,1.6685697447419878,478.0,6.0,0.0,Q4
51700,8,0,VA,5.674483240200889,445.0,3.2,0.0,Q3
51710,8,0,VA,7.149438097206229,415.0,-1.9,0.0,Q2
51740,3,0,VA,2.7311699741646045,402.0,1.5,0.0,Q2
51760,4,1,VA,18.32538583807619,489.0,7.5,25.0,Q4
51770,8,0,VA,1.2842083894477718,425.0,3.7,0.0,Q3
51800,4,0,VA,6.094415228583884,405.0,3.6,0.0,Q2
51810,19,1,VA,3.7745408924635626,425.0,0.5,5.2631578947368425,Q3
53005,11,1,WA,2.4747346564855,461.0,0.0,9.090909090909092,Q4
53007,4,0,WA,2.6479544047602,503.0,3.3,0.0,Q4
53011,24,1,WA,1.7938992627685502,498.0,3.1,4.166666666666667,Q4
53015,4,0,WA,-0.6152054482391978,458.0,3.6,0.0,Q4
53021,3,0,WA,8.710562414266132,483.0,3.9,0.0,Q4
53025,3,0,WA,-2.9771398192450893,458.0,4.3,0.0,Q4
53033,146,18,WA,2.8222961395020674,646.0,6.2,12.32876712328767,Q5 highest
53035,14,0,WA,0.6853498456113827,498.0,3.8,0.0,Q4
53037,4,0,WA,1.0659973423889024,486.0,4.1,0.0,Q4
53041,3,0,WA,3.2586393088552823,485.0,12.8,0.0,Q4
53053,46,1,WA,2.158620025055402,524.0,7.6,2.1739130434782608,Q5 highest
53057,7,0,WA,2.627263185515627,519.0,1.6,0.0,Q5 highest
53061,44,5,WA,2.614478668051856,551.0,4.8,11.363636363636363,Q5 highest
53063,22,3,WA,3.5325099891027945,497.0,4.9,13.636363636363637,Q4
53067,16,1,WA,2.0373656009500474,494.0,4.2,6.25,Q4
53073,9,0,WA,-0.6198034769463234,499.0,7.8,0.0,Q4
53077,6,0,WA,1.952948072362992,466.0,3.1,0.0,Q4
54011,3,0,WV,3.1544578440149573,388.0,3.2,0.0,Q1 lowest
54039,3,0,WV,11.219381752059032,413.0,4.0,0.0,Q2
54061,4,0,WV,-0.5665207459075172,434.0,9.9,0.0,Q3
55009,10,1,WI,2.685528623594702,371.0,2.2,10.0,Q1 lowest
55025,20,1,WI,-1.7317559863170071,447.0,3.5,5.0,Q3
55035,3,0,WI,-0.4115325958023774,375.0,3.9,0.0,Q1 lowest
55059,7,0,WI,0.0356718192627836,405.0,8.6,0.0,Q2
55063,3,0,WI,-4.123798279642443,381.0,0.0,0.0,Q1 lowest
55073,4,1,WI,4.181847212343781,391.0,6.8,25.0,Q1 lowest
55079,29,2,WI,3.3240429543405225,424.0,3.9,6.896551724137931,Q3
55087,6,0,WI,2.2999732243519366,376.0,3.6,0.0,Q1 lowest
55089,4,0,WI,6.942933376580196,359.0,0.0,0.0,Q1 lowest
55097,3,0,WI,2.305672616552301,367.0,8.6,0.0,Q1 lowest
55101,5,0,WI,4.0000000000000036,397.0,5.9,0.0,Q2
55105,4,0,WI,7.706142452340403,390.0,0.5,0.0,Q1 lowest
55109,3,0,WI,-16.66357164964407,390.0,2.9,0.0,Q1 lowest
55111,3,0,WI,6.176443920573038,411.0,5.4,0.0,Q2
55117,3,0,WI,1.4890330552981057,351.0,3.5,0.0,Q1 lowest
55127,6,0,WI,2.3513977058331137,376.0,3.0,0.0,Q1 lowest
55131,5,0,WI,0.50512186506535,356.0,3.2,0.0,Q1 lowest
55133,18,0,WI,0.11073458311036675,392.0,3.2,0.0,Q1 lowest
55139,5,0,WI,-0.4053093605332347,348.0,5.8,0.0,Q1 lowest
56021,3,0,WY,6.972429933215385,441.0,7.3,0.0,Q3
56025,3,0,WY,4.363337971386794,424.0,7.6,0.0,Q3
