industry_code,period,fiscal,qtrly_estabs,emp,avg_wkly_wage,oty_avg_wkly_wage_pct_chg,oty_month3_emplvl_pct_chg,oty_qtrly_estabs_pct_chg
722513,2023 Q1,FY23 Q2,261210,4519447.333333333,420,8.0,3.7,2.2
722513,2023 Q2,FY23 Q3,263076,4650024.666666667,431,4.1,3.4,2.3
722513,2023 Q3,FY23 Q4,264537,4665530.666666667,439,1.4,2.8,2.1
722513,2023 Q4,FY24 Q1,265190,4589461.333333333,445,4.0,2.5,1.9
722513,2024 Q1,FY24 Q2,264678,4558374.0,440,4.8,0.8,1.3
722513,2024 Q2,FY24 Q3,266263,4685030.333333333,449,4.2,0.0,1.2
722513,2024 Q3,FY24 Q4,267498,4660707.0,461,5.0,-0.2,1.1
722513,2024 Q4,FY25 Q1,268345,4595368.333333333,473,6.3,0.3,1.2
722513,2025 Q1,FY25 Q2,267726,4518889.0,447,1.6,-1.2,1.2
722513,2025 Q2,FY25 Q3,269434,4651883.0,464,3.3,-0.6,1.2
722513,2025 Q3,FY25 Q4,270517,4640279.333333333,475,3.0,-0.3,1.1
722513,2025 Q4,FY26 Q1,272103,4581237.333333333,476,0.6,-0.7,1.4
722513,2026 Q1,FY26 Q2,272118,4530910.0,464,3.8,0.2,1.6
722515,2023 Q1,FY23 Q2,78103,895770.0,423,14.0,3.9,6.4
722515,2023 Q2,FY23 Q3,79525,965138.3333333334,434,10.4,2.9,6.3
722515,2023 Q3,FY23 Q4,80826,981068.3333333334,436,1.2,1.5,5.9
722515,2023 Q4,FY24 Q1,81652,924265.0,470,6.6,1.6,5.7
722515,2024 Q1,FY24 Q2,82012,895006.3333333334,442,4.5,0.0,5.0
722515,2024 Q2,FY24 Q3,83457,964003.6666666666,461,6.2,-0.7,4.9
722515,2024 Q3,FY24 Q4,84650,983220.3333333334,462,6.0,0.6,4.7
722515,2024 Q4,FY25 Q1,85149,938074.6666666666,489,4.0,2.1,4.3
722515,2025 Q1,FY25 Q2,85235,925823.0,468,5.9,3.7,3.9
722515,2025 Q2,FY25 Q3,86593,1008227.6666666666,472,2.4,4.7,3.8
722515,2025 Q3,FY25 Q4,87881,1034534.3333333334,478,3.5,5.8,3.8
722515,2025 Q4,FY26 Q1,88925,996678.6666666666,507,3.7,5.8,4.4
722515,2026 Q1,FY26 Q2,89512,980747.0,474,1.3,5.6,5.0
