industry_code,period,fiscal,store_coverage_pct,sbux_weighted_wage_yoy_pct,sbux_weighted_avg_wkly_wage,sbux_weighted_emp_yoy_pct,national_wage_yoy_pct,national_emp_yoy_pct
722513,2023 Q1,FY23 Q2,99.6,7.77,444.0,4.04,8.0,3.7
722513,2023 Q2,FY23 Q3,99.6,4.08,456.0,3.67,4.1,3.4
722513,2023 Q3,FY23 Q4,99.8,0.97,463.0,3.0,1.4,2.8
722513,2023 Q4,FY24 Q1,99.5,3.77,470.0,2.56,4.0,2.5
722513,2024 Q1,FY24 Q2,98.6,4.77,465.0,0.75,4.8,0.8
722513,2024 Q2,FY24 Q3,98.6,4.58,477.0,-0.1,4.2,0.0
722513,2024 Q3,FY24 Q4,98.6,5.95,491.0,-0.41,5.0,-0.2
722513,2024 Q4,FY25 Q1,98.5,5.77,497.0,0.12,6.3,0.3
722513,2025 Q1,FY25 Q2,98.4,2.33,477.0,-1.14,1.6,-1.2
722513,2025 Q2,FY25 Q3,98.3,3.55,494.0,-0.59,3.3,-0.6
722513,2025 Q3,FY25 Q4,98.5,2.97,505.0,-0.3,3.0,-0.3
722513,2025 Q4,FY26 Q1,98.4,1.69,505.0,-0.68,0.6,-0.7
722513,2026 Q1,FY26 Q2,98.3,3.99,495.0,0.16,3.8,0.2
722515,2023 Q1,FY23 Q2,76.6,15.4,439.0,3.81,14.0,3.9
722515,2023 Q2,FY23 Q3,76.4,12.37,454.0,2.69,10.4,2.9
722515,2023 Q3,FY23 Q4,76.4,2.16,454.0,1.28,1.2,1.5
722515,2023 Q4,FY24 Q1,73.8,7.43,491.0,0.84,6.6,1.6
722515,2024 Q1,FY24 Q2,75.1,5.1,460.0,-0.92,4.5,0.0
722515,2024 Q2,FY24 Q3,75.1,7.79,491.0,-1.68,6.2,-0.7
722515,2024 Q3,FY24 Q4,75.1,7.65,487.0,-0.37,6.0,0.6
722515,2024 Q4,FY25 Q1,72.8,6.22,519.0,1.34,4.0,2.1
722515,2025 Q1,FY25 Q2,74.1,7.42,495.0,3.59,5.9,3.7
722515,2025 Q2,FY25 Q3,74.3,3.64,503.0,4.64,2.4,4.7
722515,2025 Q3,FY25 Q4,75.2,4.01,505.0,5.92,3.5,5.8
722515,2025 Q4,FY26 Q1,73.2,4.3,539.0,5.51,3.7,5.8
722515,2026 Q1,FY26 Q2,74.3,1.95,502.0,5.22,1.3,5.6
