snapshot_date,job_id,job_url,job_title_raw,role_bucket,store_number,store_name,street_address,city,state,postal_code,country,posted_text,posted_ts_raw,posted_date,days_since_posted,fetched_date,creation_ts_raw,req_created_date,req_age_days,reposted_requisition,latitude,longitude,position_id,dedup_key,store_key,department,work_location_option,location_raw,n_locations,all_states,search_ids,n_searches
2026-10-01,260062621,https://apply.starbucks.com/careers/job/481080494686,"barista - Store# 77916, THOMASTON, ME",BARISTA,77916,"THOMASTON, ME",196 New County Rd,Thomaston,ME,,US,,1787630400,2026-08-25,37,2026-10-01,1787752366,2026-08-26,36,False,44.0940914,-69.1380398,481080494686,id:260062621,store:77916,Barista,onsite,"196 New County Rd, Thomaston, Maine, United States",1,ME,CONUS_L0_004_010;CONUS_L0_005_009;CONUS_L1_016_035;CONUS_L1_016_036,4
2026-10-01,260065009,https://apply.starbucks.com/careers/job/481080658368,"barista - Store# 08837, GURNRT DRIVE",BARISTA,08837,GURNRT DRIVE,"10 Gurnet Road, 1",Brunswick,ME,,US,,1788148800,2026-08-31,31,2026-10-01,1788270428,2026-09-01,30,False,43.9060218,-69.9158697,481080658368,id:260065009,store:08837,Barista,onsite,"10 Gurnet Road, 1, Brunswick, Maine, United States",1,ME,CONUS_L0_004_010;CONUS_L0_005_009;CONUS_L1_016_035,3
2026-10-01,260063823,https://apply.starbucks.com/careers/job/481080567866,"shift supervisor - Store# 08837, GURNRT DRIVE",SHIFT_SUPERVISOR,08837,GURNRT DRIVE,"10 Gurnet Road, 1",Brunswick,ME,,US,,1787803200,2026-08-27,35,2026-10-01,1787925230,2026-08-28,34,False,43.9060218,-69.9158697,481080567866,id:260063823,store:08837,Shift Supervisor,onsite,"10 Gurnet Road, 1, Brunswick, Maine, United States",1,ME,CONUS_L0_004_010;CONUS_L0_005_009;CONUS_L1_016_035,3
2026-10-01,260077808,https://apply.starbucks.com/careers/job/481080891669,"shift supervisor - Store# 58183, S. PORTLAND, MARKET STREET",SHIFT_SUPERVISOR,58183,"S. PORTLAND, MARKET STREET",50 Market Street,South Portland,ME,,US,,1789617600,2026-09-17,14,2026-10-01,1789739472,2026-09-18,13,False,43.63525,-70.25561,481080891669,id:260077808,store:58183,Shift Supervisor,onsite,"50 Market Street, South Portland, Maine, United States",1,ME,CONUS_L0_004_010;CONUS_L0_005_009;CONUS_L1_015_034;CONUS_L1_016_034;CONUS_L1_016_035,5
2026-10-01,260078631,https://apply.starbucks.com/careers/job/481080949627,"barista - Store# 58183, S. PORTLAND, MARKET STREET",BARISTA,58183,"S. PORTLAND, MARKET STREET",50 Market Street,South Portland,ME,,US,,1789963200,2026-09-21,10,2026-10-01,1790084408,2026-09-22,9,False,43.63525,-70.25561,481080949627,id:260078631,store:58183,Barista,onsite,"50 Market Street, South Portland, Maine, United States",1,ME,CONUS_L0_004_010;CONUS_L0_005_009;CONUS_L1_015_034;CONUS_L1_016_034;CONUS_L1_016_035,5
2026-10-01,260078366,https://apply.starbucks.com/careers/job/481080936232,"shift supervisor - Store# 86688, WELLS PLAZA",SHIFT_SUPERVISOR,86688,WELLS PLAZA,30 Wells Plaza,Wells,ME,,US,,1789876800,2026-09-20,11,2026-10-01,1789998210,2026-09-21,10,False,43.3008896,-70.5855342,481080936232,id:260078366,store:86688,Shift Supervisor,onsite,"30 Wells Plaza, Wells, Maine, United States",1,ME,CONUS_L0_004_010;CONUS_L0_005_009;CONUS_L1_015_034;CONUS_L1_016_034,4
2026-10-01,260079770,https://apply.starbucks.com/careers/job/481081018826,"barista - Store# 86688, WELLS PLAZA",BARISTA,86688,WELLS PLAZA,30 Wells Plaza,Wells,ME,,US,,1790395200,2026-09-26,5,2026-10-01,1790516479,2026-09-27,4,False,43.3008896,-70.5855342,481081018826,id:260079770,store:86688,Barista,onsite,"30 Wells Plaza, Wells, Maine, United States",1,ME,CONUS_L0_004_010;CONUS_L0_005_009;CONUS_L1_015_034;CONUS_L1_016_034,4
2026-10-01,260068152,https://apply.starbucks.com/careers/job/481080704400,"barista - Store# 19384, COMMERCIAL ST - PORTLAND",BARISTA,19384,COMMERCIAL ST - PORTLAND,"145 Commercial Street, Harborview Block",Portland,ME,,US,,1788408000,2026-09-03,28,2026-10-01,1788486054,2026-09-03,28,False,43.65634,-70.25209,481080704400,id:260068152,store:19384,Barista,onsite,"145 Commercial Street, Harborview Block, Portland, Maine, United States",1,ME,CONUS_L0_004_010;CONUS_L0_005_009;CONUS_L1_015_034;CONUS_L1_016_034;CONUS_L1_016_035,5
2026-10-01,260062437,https://apply.starbucks.com/careers/job/481080494259,"shift supervisor - Store# 19384, COMMERCIAL ST - PORTLAND",SHIFT_SUPERVISOR,19384,COMMERCIAL ST - PORTLAND,"145 Commercial Street, Harborview Block",Portland,ME,,US,,1787630400,2026-08-25,37,2026-10-01,1787752217,2026-08-26,36,False,43.65634,-70.25209,481080494259,id:260062437,store:19384,Shift Supervisor,onsite,"145 Commercial Street, Harborview Block, Portland, Maine, United States",1,ME,CONUS_L0_004_010;CONUS_L0_005_009;CONUS_L1_015_034;CONUS_L1_016_034;CONUS_L1_016_035,5
2026-10-01,260056929,https://apply.starbucks.com/careers/job/481079556003,"shift supervisor - Store# 07907, KITTERY",SHIFT_SUPERVISOR,07907,KITTERY,"306 US Route 1, M150",Kittery,ME,,US,,1784174400,2026-07-16,77,2026-10-01,1784295773,2026-07-17,76,False,43.1111709,-70.73441,481079556003,id:260056929,store:07907,Shift Supervisor,onsite,"306 US Route 1, M150, Kittery, Maine, United States",1,ME,CONUS_L0_004_010;CONUS_L0_005_009;CONUS_L1_015_034,3
2026-10-01,260078066,https://apply.starbucks.com/careers/job/481080923561,"barista - Store# 07907, KITTERY",BARISTA,07907,KITTERY,"306 US Route 1, M150",Kittery,ME,,US,,1789790400,2026-09-19,12,2026-10-01,1789911712,2026-09-20,11,False,43.1111709,-70.73441,481080923561,id:260078066,store:07907,Barista,onsite,"306 US Route 1, M150, Kittery, Maine, United States",1,ME,CONUS_L0_004_010;CONUS_L0_005_009;CONUS_L1_015_034,3
2026-10-01,260060854,https://apply.starbucks.com/careers/job/481080179298,"store manager- Portland, ME",STORE_MANAGER,,,,Portland,ME,,US,,1786810458,2026-08-15,47,2026-10-01,1786810355,2026-08-15,47,False,43.6590993,-70.2568189,481080179298,id:260060854,,Coffeehouse Leader,onsite,"Portland, Maine, United States",1,ME,CONUS_L0_004_010;CONUS_L0_005_009;CONUS_L1_015_034;CONUS_L1_016_034;CONUS_L1_016_035,5
2026-10-01,260074079,https://apply.starbucks.com/careers/job/481080813811,"shift supervisor - Store# 07433, HAY BUILDING",SHIFT_SUPERVISOR,07433,HAY BUILDING,594 Congress Street,Portland,ME,,US,,1789185600,2026-09-12,19,2026-10-01,1789307502,2026-09-13,18,False,43.65432380000001,-70.26258,481080813811,id:260074079,store:07433,Shift Supervisor,onsite,"594 Congress Street, Portland, Maine, United States",1,ME,CONUS_L0_004_010;CONUS_L0_005_009;CONUS_L1_015_034;CONUS_L1_016_034;CONUS_L1_016_035,5
2026-10-01,260073257,https://apply.starbucks.com/careers/job/481080798131,"barista - Store# 07433, HAY BUILDING",BARISTA,07433,HAY BUILDING,594 Congress Street,Portland,ME,,US,,1789012800,2026-09-10,21,2026-10-01,1789135750,2026-09-11,20,False,43.65432380000001,-70.26258,481080798131,id:260073257,store:07433,Barista,onsite,"594 Congress Street, Portland, Maine, United States",1,ME,CONUS_L0_004_010;CONUS_L0_005_009;CONUS_L1_015_034;CONUS_L1_016_034;CONUS_L1_016_035,5
2026-10-01,260067210,https://apply.starbucks.com/careers/job/481080698875,"barista - Store# 21266, SCARBOROUGH",BARISTA,21266,SCARBOROUGH,210 US Route 1,Scarborough,ME,,US,,1788321600,2026-09-02,29,2026-10-01,1788456082,2026-09-03,28,False,43.59198,-70.33035,481080698875,id:260067210,store:21266,Barista,onsite,"210 US Route 1, Scarborough, Maine, United States",1,ME,CONUS_L0_004_010;CONUS_L0_005_009;CONUS_L1_015_034;CONUS_L1_016_034;CONUS_L1_016_035,5
2026-10-01,260067202,https://apply.starbucks.com/careers/job/481080698837,"shift supervisor - Store# 21266, SCARBOROUGH",SHIFT_SUPERVISOR,21266,SCARBOROUGH,210 US Route 1,Scarborough,ME,,US,,1788321600,2026-09-02,29,2026-10-01,1788456075,2026-09-03,28,False,43.59198,-70.33035,481080698837,id:260067202,store:21266,Shift Supervisor,onsite,"210 US Route 1, Scarborough, Maine, United States",1,ME,CONUS_L0_004_010;CONUS_L0_005_009;CONUS_L1_015_034;CONUS_L1_016_034;CONUS_L1_016_035,5
2026-10-01,260077211,https://apply.starbucks.com/careers/job/481080890743,"barista - Store# 07916, SACO",BARISTA,07916,SACO,509 Main St,Saco,ME,,US,,1789617600,2026-09-17,14,2026-10-01,1789738958,2026-09-18,13,False,43.5088301,-70.4346801,481080890743,id:260077211,store:07916,Barista,onsite,"509 Main St, Saco, Maine, United States",1,ME,CONUS_L0_004_010;CONUS_L0_005_009;CONUS_L1_015_034;CONUS_L1_016_034;CONUS_L1_016_035,5
2026-10-01,260077656,https://apply.starbucks.com/careers/job/481080891507,"shift supervisor - Store# 07916, SACO",SHIFT_SUPERVISOR,07916,SACO,509 Main St,Saco,ME,,US,,1789617600,2026-09-17,14,2026-10-01,1789739343,2026-09-18,13,False,43.5088301,-70.4346801,481080891507,id:260077656,store:07916,Shift Supervisor,onsite,"509 Main St, Saco, Maine, United States",1,ME,CONUS_L0_004_010;CONUS_L0_005_009;CONUS_L1_015_034;CONUS_L1_016_034;CONUS_L1_016_035,5
2026-10-01,260078794,https://apply.starbucks.com/careers/job/481080949877,"shift supervisor - Store# 48490, Biddeford, Alfred St",SHIFT_SUPERVISOR,48490,"Biddeford, Alfred St",360 Alfred St,Biddeford,ME,,US,,1789963200,2026-09-21,10,2026-10-01,1790084552,2026-09-22,9,False,43.48331,-70.47137,481080949877,id:260078794,store:48490,Shift Supervisor,onsite,"360 Alfred St, Biddeford, Maine, United States",1,ME,CONUS_L0_004_010;CONUS_L0_005_009;CONUS_L1_015_034;CONUS_L1_016_034;CONUS_L1_016_035,5
2026-10-01,260078666,https://apply.starbucks.com/careers/job/481080949685,"barista - Store# 48490, Biddeford, Alfred St",BARISTA,48490,"Biddeford, Alfred St",360 Alfred St,Biddeford,ME,,US,,1789963200,2026-09-21,10,2026-10-01,1790084440,2026-09-22,9,False,43.48331,-70.47137,481080949685,id:260078666,store:48490,Barista,onsite,"360 Alfred St, Biddeford, Maine, United States",1,ME,CONUS_L0_004_010;CONUS_L0_005_009;CONUS_L1_015_034;CONUS_L1_016_034;CONUS_L1_016_035,5
2026-10-01,260064185,https://apply.starbucks.com/careers/job/481080612784,"barista - Store# 11267, FALMOUTH, ROUTE 1",BARISTA,11267,"FALMOUTH, ROUTE 1","256 US Route 1, Key Bank",Falmouth,ME,,US,,1788062400,2026-08-30,32,2026-10-01,1788183603,2026-08-31,31,False,43.72447,-70.23292,481080612784,id:260064185,store:11267,Barista,onsite,"256 US Route 1, Key Bank, Falmouth, Maine, United States",1,ME,CONUS_L0_004_010;CONUS_L0_005_009;CONUS_L1_016_034;CONUS_L1_016_035,4
2026-10-01,260064141,https://apply.starbucks.com/careers/job/481080612706,"shift supervisor - Store# 11267, FALMOUTH, ROUTE 1",SHIFT_SUPERVISOR,11267,"FALMOUTH, ROUTE 1","256 US Route 1, Key Bank",Falmouth,ME,,US,,1788062400,2026-08-30,32,2026-10-01,1788183567,2026-08-31,31,False,43.72447,-70.23292,481080612706,id:260064141,store:11267,Shift Supervisor,onsite,"256 US Route 1, Key Bank, Falmouth, Maine, United States",1,ME,CONUS_L0_004_010;CONUS_L0_005_009;CONUS_L1_016_034;CONUS_L1_016_035,4
2026-10-01,260074831,https://apply.starbucks.com/careers/job/481080820809,"barista - Store# 68630, Scarborough, Payne Rd",BARISTA,68630,"Scarborough, Payne Rd",465 Payne Rd,Scarborough,ME,,US,,1789272000,2026-09-13,18,2026-10-01,1789394400,2026-09-14,17,False,43.62378,-70.3484,481080820809,id:260074831,store:68630,Barista,onsite,"465 Payne Rd, Scarborough, Maine, United States",1,ME,CONUS_L0_004_010;CONUS_L0_005_009;CONUS_L1_015_034;CONUS_L1_016_034;CONUS_L1_016_035,5
2026-10-01,260070570,https://apply.starbucks.com/careers/job/481080741627,"shift supervisor - Store# 68630, Scarborough, Payne Rd",SHIFT_SUPERVISOR,68630,"Scarborough, Payne Rd",465 Payne Rd,Scarborough,ME,,US,,1788667200,2026-09-06,25,2026-10-01,1788788522,2026-09-07,24,False,43.62378,-70.3484,481080741627,id:260070570,store:68630,Shift Supervisor,onsite,"465 Payne Rd, Scarborough, Maine, United States",1,ME,CONUS_L0_004_010;CONUS_L0_005_009;CONUS_L1_015_034;CONUS_L1_016_034;CONUS_L1_016_035,5
2026-10-01,260080205,https://apply.starbucks.com/careers/job/481081058991,"barista - Store# 21793, MAINE MALL RD DT",BARISTA,21793,MAINE MALL RD DT,363 Maine Mall Rd,South Portland,ME,,US,,1790568000,2026-09-28,3,2026-10-01,1790689618,2026-09-29,2,False,43.63461,-70.3382,481081058991,id:260080205,store:21793,Barista,onsite,"363 Maine Mall Rd, South Portland, Maine, United States",1,ME,CONUS_L0_004_010;CONUS_L0_005_009;CONUS_L1_015_034;CONUS_L1_016_034;CONUS_L1_016_035,5
2026-10-01,260062738,https://apply.starbucks.com/careers/job/481080494983,"shift supervisor - Store# 21793, MAINE MALL RD DT",SHIFT_SUPERVISOR,21793,MAINE MALL RD DT,363 Maine Mall Rd,South Portland,ME,,US,,1787630400,2026-08-25,37,2026-10-01,1787752459,2026-08-26,36,False,43.63461,-70.3382,481080494983,id:260062738,store:21793,Shift Supervisor,onsite,"363 Maine Mall Rd, South Portland, Maine, United States",1,ME,CONUS_L0_004_010;CONUS_L0_005_009;CONUS_L1_015_034;CONUS_L1_016_034;CONUS_L1_016_035,5
2026-10-01,260071162,https://apply.starbucks.com/careers/job/481080742433,"shift supervisor - Store# 09299, TOPSHAM & FAIR MALL ROAD",SHIFT_SUPERVISOR,09299,TOPSHAM & FAIR MALL ROAD,"15 Winners Cir, 1",Topsham,ME,,US,,1788667200,2026-09-06,25,2026-10-01,1788788995,2026-09-07,24,False,43.9398336,-69.9776703,481080742433,id:260071162,store:09299,Shift Supervisor,onsite,"15 Winners Cir, 1, Topsham, Maine, United States",1,ME,CONUS_L0_004_010;CONUS_L0_005_009;CONUS_L1_016_035,3
2026-10-01,260056768,https://apply.starbucks.com/careers/job/481079527755,"barista - Store# 09299, TOPSHAM & FAIR MALL ROAD",BARISTA,09299,TOPSHAM & FAIR MALL ROAD,"15 Winners Cir, 1",Topsham,ME,,US,,1784088000,2026-07-15,78,2026-10-01,1784209156,2026-07-16,77,False,43.9398336,-69.9776703,481079527755,id:260056768,store:09299,Barista,onsite,"15 Winners Cir, 1, Topsham, Maine, United States",1,ME,CONUS_L0_004_010;CONUS_L0_005_009;CONUS_L1_016_035,3
2026-10-01,260079414,https://apply.starbucks.com/careers/job/481080998641,"barista - Store# 11917, PORTLAND, 1080 FOREST AVE",BARISTA,11917,"PORTLAND, 1080 FOREST AVE",1080 Forest Avenue,Portland,ME,,US,,1790222400,2026-09-24,7,2026-10-01,1790343988,2026-09-25,6,False,43.68404,-70.29151,481080998641,id:260079414,store:11917,Barista,onsite,"1080 Forest Avenue, Portland, Maine, United States",1,ME,CONUS_L0_004_010;CONUS_L0_005_009;CONUS_L1_016_034;CONUS_L1_016_035,4
2026-10-01,260066940,https://apply.starbucks.com/careers/job/481080698517,"shift supervisor - Store# 11917, PORTLAND, 1080 FOREST AVE",SHIFT_SUPERVISOR,11917,"PORTLAND, 1080 FOREST AVE",1080 Forest Avenue,Portland,ME,,US,,1788321600,2026-09-02,29,2026-10-01,1788455825,2026-09-03,28,False,43.68404,-70.29151,481080698517,id:260066940,store:11917,Shift Supervisor,onsite,"1080 Forest Avenue, Portland, Maine, United States",1,ME,CONUS_L0_004_010;CONUS_L0_005_009;CONUS_L1_016_034;CONUS_L1_016_035,4
2026-10-01,260073509,https://apply.starbucks.com/careers/job/481080812828,"shift supervisor - Store# 07549, FREEPORT MAIN STREET",SHIFT_SUPERVISOR,07549,FREEPORT MAIN STREET,49 Main St,Freeport,ME,,US,,1789185600,2026-09-12,19,2026-10-01,1789306969,2026-09-13,18,False,43.8565584,-70.1043423,481080812828,id:260073509,store:07549,Shift Supervisor,onsite,"49 Main St, Freeport, Maine, United States",1,ME,CONUS_L0_004_010;CONUS_L0_005_009;CONUS_L1_016_034;CONUS_L1_016_035,4
2026-10-01,260076398,https://apply.starbucks.com/careers/job/481080861903,"barista - Store# 07549, FREEPORT MAIN STREET",BARISTA,07549,FREEPORT MAIN STREET,49 Main St,Freeport,ME,,US,,1789444800,2026-09-15,16,2026-10-01,1789566835,2026-09-16,15,False,43.8565584,-70.1043423,481080861903,id:260076398,store:07549,Barista,onsite,"49 Main St, Freeport, Maine, United States",1,ME,CONUS_L0_004_010;CONUS_L0_005_009;CONUS_L1_016_034;CONUS_L1_016_035,4
2026-10-01,260056461,https://apply.starbucks.com/careers/job/481079498698,"shift supervisor - Store# 02830, Portland Auburn St",SHIFT_SUPERVISOR,02830,Portland Auburn St,84 Auburn St,Portland,ME,,US,,1784001600,2026-07-14,79,2026-10-01,1784123210,2026-07-15,78,False,43.7032301,-70.2898275,481079498698,id:260056461,store:02830,Shift Supervisor,onsite,"84 Auburn St, Portland, Maine, United States",1,ME,CONUS_L0_004_010;CONUS_L0_005_009;CONUS_L1_016_034;CONUS_L1_016_035,4
2026-10-01,260080347,https://apply.starbucks.com/careers/job/481081059239,"barista - Store# 02830, Portland Auburn St",BARISTA,02830,Portland Auburn St,84 Auburn St,Portland,ME,,US,,1790568000,2026-09-28,3,2026-10-01,1790689747,2026-09-29,2,False,43.7032301,-70.2898275,481081059239,id:260080347,store:02830,Barista,onsite,"84 Auburn St, Portland, Maine, United States",1,ME,CONUS_L0_004_010;CONUS_L0_005_009;CONUS_L1_016_034;CONUS_L1_016_035,4
2026-10-01,260062062,https://apply.starbucks.com/careers/job/481080430319,"shift supervisor - Store# 48420, ROCK ROW",SHIFT_SUPERVISOR,48420,ROCK ROW,"95 Rock Row, 100",Westbrook,ME,,US,,1787457600,2026-08-23,39,2026-10-01,1787579376,2026-08-24,38,False,43.67702,-70.33053,481080430319,id:260062062,store:48420,Shift Supervisor,onsite,"95 Rock Row, 100, Westbrook, Maine, United States",1,ME,CONUS_L0_004_010;CONUS_L0_005_009;CONUS_L1_016_034;CONUS_L1_016_035,4
2026-10-01,260062516,https://apply.starbucks.com/careers/job/481080494371,"barista - Store# 48420, ROCK ROW",BARISTA,48420,ROCK ROW,"95 Rock Row, 100",Westbrook,ME,,US,,1787630400,2026-08-25,37,2026-10-01,1787752283,2026-08-26,36,False,43.67702,-70.33053,481080494371,id:260062516,store:48420,Barista,onsite,"95 Rock Row, 100, Westbrook, Maine, United States",1,ME,CONUS_L0_004_010;CONUS_L0_005_009;CONUS_L1_016_034;CONUS_L1_016_035,4
2026-10-01,260073834,https://apply.starbucks.com/careers/job/481080813348,"shift supervisor - Store# 80961, SANFORD",SHIFT_SUPERVISOR,80961,SANFORD,1364 Main St,Sanford,ME,,US,,1789185600,2026-09-12,19,2026-10-01,1789307275,2026-09-13,18,False,43.41465,-70.74655,481080813348,id:260073834,store:80961,Shift Supervisor,onsite,"1364 Main St, Sanford, Maine, United States",1,ME,CONUS_L0_004_010;CONUS_L0_005_009;CONUS_L1_015_034;CONUS_L1_016_034,4
2026-10-01,260058256,https://apply.starbucks.com/careers/job/481079849787,"barista - Store# 80961, SANFORD",BARISTA,80961,SANFORD,1364 Main St,Sanford,ME,,US,,1784952000,2026-07-25,68,2026-10-01,1785073510,2026-07-26,67,False,43.41465,-70.74655,481079849787,id:260058256,store:80961,Barista,onsite,"1364 Main St, Sanford, Maine, United States",1,ME,CONUS_L0_004_010;CONUS_L0_005_009;CONUS_L1_015_034;CONUS_L1_016_034,4
2026-10-01,260069913,https://apply.starbucks.com/careers/job/481080730833,"barista - Store# 09270, BANGOR, MALL BLVD.",BARISTA,09270,"BANGOR, MALL BLVD.",38 Bangor Mall Blvd,Bangor,ME,,US,,1788580800,2026-09-05,26,2026-10-01,1788702477,2026-09-06,25,False,44.8349133,-68.74485609999999,481080730833,id:260069913,store:09270,Barista,onsite,"38 Bangor Mall Blvd, Bangor, Maine, United States",1,ME,CONUS_L0_005_009,1
2026-10-01,260063383,https://apply.starbucks.com/careers/job/481080566207,"shift supervisor - Store# 09270, BANGOR, MALL BLVD.",SHIFT_SUPERVISOR,09270,"BANGOR, MALL BLVD.",38 Bangor Mall Blvd,Bangor,ME,,US,,1787803200,2026-08-27,35,2026-10-01,1787924878,2026-08-28,34,False,44.8349133,-68.74485609999999,481080566207,id:260063383,store:09270,Shift Supervisor,onsite,"38 Bangor Mall Blvd, Bangor, Maine, United States",1,ME,CONUS_L0_005_009,1
2026-10-01,260056477,https://apply.starbucks.com/careers/job/481079498705,"barista - Store# 71113, BANGOR, 693 BROADWAY",BARISTA,71113,"BANGOR, 693 BROADWAY",693  Broadway St,Bangor,ME,,US,,1784001600,2026-07-14,79,2026-10-01,1784123221,2026-07-15,78,False,44.82458,-68.7798,481079498705,id:260056477,store:71113,Barista,onsite,"693  Broadway St, Bangor, Maine, United States",1,ME,CONUS_L0_005_009,1
2026-10-01,260071819,https://apply.starbucks.com/careers/job/481080764871,"shift supervisor - Store# 71113, BANGOR, 693 BROADWAY",SHIFT_SUPERVISOR,71113,"BANGOR, 693 BROADWAY",693  Broadway St,Bangor,ME,,US,,1788840000,2026-09-08,23,2026-10-01,1788961430,2026-09-09,22,False,44.82458,-68.7798,481080764871,id:260071819,store:71113,Shift Supervisor,onsite,"693  Broadway St, Bangor, Maine, United States",1,ME,CONUS_L0_005_009,1
2026-10-01,260076031,https://apply.starbucks.com/careers/job/481080852714,"store manager, Bangor, ME",STORE_MANAGER,,,,Bangor,ME,,US,,1789526270,2026-09-15,16,2026-10-01,1789526120,2026-09-15,16,False,44.8016128,-68.7712257,481080852714,id:260076031,,Coffeehouse Leader,onsite,"Bangor, Maine, United States",1,ME,CONUS_L0_005_009,1
2026-10-01,260053549,https://apply.starbucks.com/careers/job/481079351638,"shift supervisor - Store# 09837, WATERVILLE, MAINE",SHIFT_SUPERVISOR,09837,"WATERVILLE, MAINE","2 Waterville Commons Dr, The Small Shops at Waterville Commons",Waterville,ME,,US,,1783396800,2026-07-07,86,2026-10-01,1783518142,2026-07-08,85,False,44.5707021,-69.64225139999999,481079351638,id:260053549,store:09837,Shift Supervisor,onsite,"2 Waterville Commons Dr, The Small Shops at Waterville Commons, Waterville, Maine, United States",1,ME,CONUS_L0_005_009;CONUS_L1_016_035,2
2026-10-01,260063376,https://apply.starbucks.com/careers/job/481080566149,"barista - Store# 09837, WATERVILLE, MAINE",BARISTA,09837,"WATERVILLE, MAINE","2 Waterville Commons Dr, The Small Shops at Waterville Commons",Waterville,ME,,US,,1787803200,2026-08-27,35,2026-10-01,1787924873,2026-08-28,34,False,44.5707021,-69.64225139999999,481080566149,id:260063376,store:09837,Barista,onsite,"2 Waterville Commons Dr, The Small Shops at Waterville Commons, Waterville, Maine, United States",1,ME,CONUS_L0_005_009;CONUS_L1_016_035,2
2026-10-01,260068328,https://apply.starbucks.com/careers/job/481080709294,"shift supervisor - Store# 25782, AUGUSTA JOURNAL SQUARE",SHIFT_SUPERVISOR,25782,AUGUSTA JOURNAL SQUARE,274 Western Avenue,Augusta,ME,,US,,1788408000,2026-09-03,28,2026-10-01,1788529641,2026-09-04,27,False,44.31472,-69.80464,481080709294,id:260068328,store:25782,Shift Supervisor,onsite,"274 Western Avenue, Augusta, Maine, United States",1,ME,CONUS_L0_005_009;CONUS_L1_016_035,2
2026-10-01,260060605,https://apply.starbucks.com/careers/job/481080162925,"barista - Store# 25782, AUGUSTA JOURNAL SQUARE",BARISTA,25782,AUGUSTA JOURNAL SQUARE,274 Western Avenue,Augusta,ME,,US,,1786593600,2026-08-13,49,2026-10-01,1786715126,2026-08-14,48,False,44.31472,-69.80464,481080162925,id:260060605,store:25782,Barista,onsite,"274 Western Avenue, Augusta, Maine, United States",1,ME,CONUS_L0_005_009;CONUS_L1_016_035,2
2026-10-01,260056086,https://apply.starbucks.com/careers/job/481079480403,"store manager - Augusta, ME",STORE_MANAGER,,,,Augusta,ME,,US,,1788915189,2026-09-08,23,2026-10-01,1784054822,2026-07-14,79,True,44.3106241,-69.7794897,481079480403,id:260056086,,Coffeehouse Leader,onsite,"Augusta, Maine, United States",1,ME,CONUS_L0_005_009;CONUS_L1_016_035,2
2026-10-01,260077994,https://apply.starbucks.com/careers/job/481080923309,"shift supervisor - Store# 09709, AUBURN",SHIFT_SUPERVISOR,09709,AUBURN,35 Mount Auburn Avenue,Auburn,ME,,US,,1789790400,2026-09-19,12,2026-10-01,1789911652,2026-09-20,11,False,44.1206512,-70.2343332,481080923309,id:260077994,store:09709,Shift Supervisor,onsite,"35 Mount Auburn Avenue, Auburn, Maine, United States",1,ME,CONUS_L0_005_009;CONUS_L1_016_034;CONUS_L1_016_035,3
2026-10-01,260076460,https://apply.starbucks.com/careers/job/481080861990,"barista - Store# 09709, AUBURN",BARISTA,09709,AUBURN,35 Mount Auburn Avenue,Auburn,ME,,US,,1789444800,2026-09-15,16,2026-10-01,1789566888,2026-09-16,15,False,44.1206512,-70.2343332,481080861990,id:260076460,store:09709,Barista,onsite,"35 Mount Auburn Avenue, Auburn, Maine, United States",1,ME,CONUS_L0_005_009;CONUS_L1_016_034;CONUS_L1_016_035,3
2026-10-01,260054007,https://apply.starbucks.com/careers/job/481079404888,"shift supervisor - Store# 77904, LEWISTON, ME",SHIFT_SUPERVISOR,77904,"LEWISTON, ME",857 Lisbon St,Lewiston,ME,,US,,1783569600,2026-07-09,84,2026-10-01,1783691038,2026-07-10,83,False,44.0839146,-70.20321779999999,481079404888,id:260054007,store:77904,Shift Supervisor,onsite,"857 Lisbon St, Lewiston, Maine, United States",1,ME,CONUS_L0_005_009;CONUS_L1_016_034;CONUS_L1_016_035,3
2026-10-01,260078753,https://apply.starbucks.com/careers/job/481080949811,"barista - Store# 77904, LEWISTON, ME",BARISTA,77904,"LEWISTON, ME",857 Lisbon St,Lewiston,ME,,US,,1789963200,2026-09-21,10,2026-10-01,1790084517,2026-09-22,9,False,44.0839146,-70.20321779999999,481080949811,id:260078753,store:77904,Barista,onsite,"857 Lisbon St, Lewiston, Maine, United States",1,ME,CONUS_L0_005_009;CONUS_L1_016_034;CONUS_L1_016_035,3
2026-10-01,260079464,https://apply.starbucks.com/careers/job/481080998795,"barista - Store# 63397, WINDHAM MALL",BARISTA,63397,WINDHAM MALL,"799 Roosevelt Trl, 110",Windham,ME,,US,,1790222400,2026-09-24,7,2026-10-01,1790344033,2026-09-25,6,False,43.83956,-70.44258,481080998795,id:260079464,store:63397,Barista,onsite,"799 Roosevelt Trl, 110, Windham, Maine, United States",1,ME,CONUS_L0_005_009;CONUS_L1_016_034;CONUS_L1_016_035,3
2026-10-01,260071200,https://apply.starbucks.com/careers/job/481080742501,"shift supervisor - Store# 63397, WINDHAM MALL",SHIFT_SUPERVISOR,63397,WINDHAM MALL,"799 Roosevelt Trl, 110",Windham,ME,,US,,1788667200,2026-09-06,25,2026-10-01,1788789027,2026-09-07,24,False,43.83956,-70.44258,481080742501,id:260071200,store:63397,Shift Supervisor,onsite,"799 Roosevelt Trl, 110, Windham, Maine, United States",1,ME,CONUS_L0_005_009;CONUS_L1_016_034;CONUS_L1_016_035,3
