,0,1,2,3,4,5,6,7,8,9,10,11,12,13,14,15,16,17,18,19,20,21,22,23,brand
FY24 Q2,0.0037649867855862914,0.002671081131891554,0.002671081131891554,0.00322021529972604,0.007843745313494918,0.018949644049760423,0.036087045006567696,0.05477850207177354,0.06697443254495998,0.07361626543970154,0.07880317363571752,0.0813050747707185,0.0830514095573318,0.07911816082589278,0.07697672014712215,0.07466443404929651,0.06771199733482801,0.05803634194769586,0.04610401366715769,0.03375665132179269,0.02224245003295816,0.013664861268872579,0.008482765729142343,0.00550494693611987,Starbucks
FY24 Q3,0.003207779763732118,0.002500744830925752,0.002500744830925752,0.005155780812167027,0.01229550523878018,0.02560106616505672,0.042771843324024374,0.06012033945581356,0.06965098715808427,0.07358582645634135,0.07785077311042536,0.07879821206570914,0.08002572976610717,0.07643720676967262,0.07357708688414827,0.07069595811966642,0.06425875461404942,0.055478035077884784,0.044640692288688576,0.03282578508198193,0.022030953454457984,0.013274357566610905,0.007804901008872277,0.004910936155874071,Starbucks
FY24 Q4,0.003414028618162664,0.0027395383661785616,0.0027395383661785616,0.0056686046567538785,0.012636026695007895,0.025669875852490674,0.04184019854041239,0.0583501692399533,0.06857135229748627,0.07394358652836662,0.07852443281417028,0.07900360718779768,0.08065981341631571,0.07620947946586135,0.07246381416446711,0.06827024534039254,0.06244060375104295,0.055128997196714644,0.04455166135499439,0.03417139290804848,0.023992210342299265,0.014789540492745164,0.008815533432338889,0.005405748971820755,Starbucks
FY25 Q1,0.0034197038254337,0.0026341556147872662,0.0026341556147872662,0.005127126783183905,0.011633128707883215,0.02479205843158533,0.04279131982206604,0.061409705717255784,0.07184250186321567,0.07597486510493534,0.07871609906977471,0.07863570468945097,0.07936945054298886,0.07519485111277334,0.07220342039682585,0.06887180935756397,0.06287605489456644,0.055090339051492396,0.044542311440053266,0.03300704601847428,0.02231784835018817,0.013485463003827134,0.008327623178695316,0.005103257408191776,Starbucks
FY25 Q2,0.0033707017316866594,0.0024960477724679277,0.0024960477724679277,0.003859439894427705,0.008814520698809452,0.01974863112991936,0.038370019002976374,0.05742836177406869,0.0698054766709836,0.07536298213068242,0.07918670875050235,0.08132546969906003,0.08144034619702274,0.0781431822086812,0.07536853548915365,0.07278324059093556,0.06509989049458971,0.05686878059092428,0.04581492217974526,0.033424100912246985,0.02240661142602653,0.013244982875002923,0.008159565337386722,0.004981434670231936,Starbucks
FY25 Q3,0.003022018687076485,0.0022583641349829776,0.0022583641349829776,0.00572715109266038,0.01344196570728251,0.02755932696218966,0.04531428790208228,0.06333736897458687,0.07269306341652891,0.0763389173515878,0.078410648651876,0.0781980400768068,0.0780545555043437,0.07395098351493457,0.0712225215941093,0.06863005263446981,0.06212432293741272,0.05435146559338142,0.044179757501309445,0.03238068669713139,0.02164518143885359,0.01267177612964302,0.0076525576484172105,0.004576621713350171,Starbucks
FY25 Q4,0.0033982938370611592,0.00254159184757807,0.00254159184757807,0.00622785183251888,0.013952437248138909,0.027630339871740378,0.044445422781371154,0.06209190165945774,0.0716754816611846,0.07660747015349012,0.07927283334933552,0.07812843342444616,0.07821768896234056,0.07322778399217951,0.07000005935507203,0.06653314840745117,0.06108275397000788,0.05343640299792159,0.04423801442403489,0.03358330178527656,0.023285708829904345,0.014044949651781487,0.00863331714165981,0.005203220968469402,Starbucks
FY26 Q1,0.003225380861847341,0.0023298110038793927,0.0023298110038793927,0.005081490790359652,0.012105885321634063,0.025906413117257176,0.04392987212454554,0.06418596860417744,0.07415260077421831,0.07747855650641687,0.07926705405175254,0.07854964671875049,0.07822964239792304,0.07333072659058314,0.07017887564581636,0.06801320741851091,0.06202403654533681,0.05384894190863714,0.04430394646104405,0.03304605535084848,0.022346414775227513,0.013160877189632996,0.00801166793145528,0.0049631169062660675,Starbucks
FY26 Q2,0.0035454047729539893,0.0023970006642181404,0.0023970006642181404,0.003596157369005267,0.009394880931911657,0.020696422850563556,0.0396455265037275,0.059784518397090786,0.07236899498203604,0.07691339897099163,0.07999310991300912,0.08005395445433088,0.0806743799609952,0.0759031432219758,0.07327002066995088,0.07059089001099636,0.06344453858807911,0.055866459328242565,0.0451086765201425,0.03400448398669284,0.022940838401670303,0.013795775322894959,0.00837480198864314,0.0052396215256596285,Starbucks
FY26 Q3,0.003421697232184823,0.0025348761805545736,0.0025348761805545736,0.0058507177741405555,0.013306053442854212,0.027685166477954992,0.046764114569354434,0.06518796059894741,0.0736011955327203,0.07596189504973261,0.07779424092024766,0.07660091131857262,0.07725844812916108,0.07256058390329541,0.06961361662078493,0.06711581442573782,0.06108706058221542,0.053907739880152586,0.04429532536722575,0.03310818114612535,0.022669044394070883,0.013723826722035135,0.008354119891386251,0.005062533659990636,Starbucks
FY26 Q4,0.003585125586331135,0.002708152373179515,0.002708152373179515,0.0063796284204977695,0.013981470754539413,0.02833572276748663,0.04616026871909693,0.06393898619282287,0.07200749277063163,0.0762170234046475,0.07822118455099188,0.07710301690942294,0.0769715275150711,0.07242079226461763,0.0684795094388414,0.06597546599100097,0.06036310200206478,0.053933185549452346,0.04419316684315883,0.033934415786815976,0.023623236861832823,0.014327146167781007,0.008894783278668317,0.005537443477867087,Starbucks
FY24 Q2,0.0071043654241584,0.006006786077202635,0.006006786077202635,0.007692103404804933,0.014541270722099554,0.027904711344573997,0.04741728811261878,0.06565117937316993,0.0747594872181009,0.07793058685208748,0.07786859850587279,0.07513610971926976,0.07293367856098229,0.06723144426850365,0.06492694496441904,0.06197206144296291,0.056990348044728203,0.050591855542969896,0.04164521438295611,0.03241746374164266,0.023921889753553856,0.017490102443500077,0.01273710111429571,0.009122622908323818,Dunkin'
FY24 Q3,0.006424354554009848,0.005681785719420166,0.005681785719420166,0.01001601428720584,0.019162030440618642,0.03639032591625366,0.05495112634429948,0.0701067700513715,0.07589892464545248,0.07631936123158681,0.07508719921231101,0.07138269923454385,0.06947731099632018,0.06454567525697512,0.06259057490050829,0.059768502035161736,0.05491920733015756,0.04893782400404542,0.04045115871317128,0.03175974175391649,0.02362987242678431,0.016719519753073172,0.011676254778375689,0.008421980695017324,Dunkin'
FY24 Q4,0.006756643771052739,0.0059433397491898965,0.0059433397491898965,0.010623106587105809,0.020452105270087183,0.03748880730896155,0.05452762795759814,0.06866611345730328,0.07589738256356926,0.0771828944355774,0.07595251938263106,0.0725891961192517,0.06937940396546242,0.06391432523716702,0.06103921289410114,0.05703811621089065,0.05295381112926894,0.04777754431034485,0.04023225562176884,0.03268261621671683,0.02453131433858441,0.017473703134649604,0.012261419949767762,0.008693200639759617,Dunkin'
FY25 Q1,0.006562720490196329,0.005644733584901502,0.005644733584901502,0.009930118937804901,0.018627222453063377,0.03564909318093307,0.05484845268776867,0.07053928921789827,0.07823536783263815,0.07840975797591153,0.07686952402807497,0.07332673161690056,0.07005978722151802,0.06487025237847228,0.0622432726788651,0.058475912614103474,0.0539846990868841,0.04824562890167336,0.03920641622844847,0.030797031016476035,0.022175259037514508,0.015839649512408696,0.011397798735534842,0.008416546997108282,Dunkin'
FY25 Q2,0.006507295739420842,0.005391035233261916,0.005391035233261916,0.007630306120144601,0.014841432530045483,0.028884937179917407,0.04929787554781274,0.0673547483242603,0.07601721234680389,0.07909121772153734,0.07894669957383292,0.0748196096022549,0.07254896950665,0.06697675534862978,0.06532752558014963,0.061635193154327216,0.056472481803046495,0.05045535403800413,0.04114662598353381,0.0314330356610873,0.022905589962786525,0.016419481329638625,0.011989443862834882,0.008516138616757372,Dunkin'
FY25 Q3,0.00603589604850392,0.005253856836317077,0.005253856836317077,0.010208958796329526,0.02012516646474275,0.03795544363149281,0.056691913746778205,0.07172465805121311,0.07694663582918654,0.07807427606707426,0.0758246362298012,0.07098620197355694,0.06910864033901133,0.06493292639160744,0.06228595480515499,0.05886937927658264,0.05397652827852538,0.04774715932421172,0.0394302467650018,0.030601543256808174,0.022624292638315148,0.016252679116759577,0.011184898687616416,0.007904250609091962,Dunkin'
FY25 Q4,0.006005245635776917,0.005142958939250797,0.005142958939250797,0.01049695681741486,0.02096788739954833,0.038539223488672454,0.055763970271403784,0.0711647628644795,0.07770170282115105,0.07885797791833851,0.07738222576027463,0.0721736066422167,0.06877774494829171,0.06431157129732942,0.061207363082060554,0.0573900153858871,0.05283055888579086,0.0465700139639739,0.03882181421191764,0.030787684255143617,0.023558353043106835,0.016823335679676546,0.011409954761863558,0.008172112987179915,Dunkin'
FY26 Q1,0.00589099515276432,0.005000872572394843,0.005000872572394843,0.009518501499753244,0.01856603592327214,0.0359810422153989,0.055468317340662564,0.07238907616411251,0.07888387760225518,0.07957179350847803,0.0779213169878382,0.07363805009893654,0.070267683933635,0.06508184096686215,0.06249805984839277,0.05893211898149133,0.05405900034497101,0.047464508145663206,0.03837274725461877,0.02913610458810191,0.021711166146590462,0.0157294921815864,0.01102265798581412,0.007893867984011559,Dunkin'
FY26 Q2,0.006420629021799899,0.005331778635341271,0.005331778635341271,0.007622356815122307,0.01473041245383074,0.029174310980120337,0.04946393275059575,0.06720694894092658,0.07665363023938307,0.07946441673164319,0.07887511156702105,0.07599726065776305,0.0729396580940137,0.06720638437560847,0.06440681193340374,0.06202840521850425,0.05706935260617495,0.05013719174941629,0.04031116415674397,0.030395245879843907,0.022385520000195874,0.01639818594585122,0.01189033393575028,0.00855917867560488,Dunkin'
FY26 Q3,0.006190309506072352,0.005275726738325186,0.005275726738325186,0.010393665349137177,0.01973897857077763,0.038803012171230125,0.05719643935624885,0.07239309942341815,0.07737416735007155,0.07680707588499275,0.07573529336156176,0.07148411443625326,0.06935573158211002,0.06473470872341905,0.062126406914580934,0.0590274689856699,0.05442341543039435,0.04822971316339934,0.038572898299120965,0.030031823382610245,0.0220643450141143,0.015682732181462957,0.011125055523467296,0.007958091913236667,Dunkin'
FY26 Q4,0.006117520026260468,0.005138555296066325,0.005138555296066325,0.010760690302839854,0.020571410692793998,0.03969452961698864,0.05642200811483916,0.07074540922262408,0.07682036444488824,0.07765277074268105,0.07648526885524855,0.0717316258773605,0.06874088324885808,0.06377209125564227,0.060828073949124,0.05764789894356848,0.05389944612814467,0.04747789914811655,0.038907747327594965,0.03127449134640596,0.023806374439096483,0.016746613016336384,0.011495343749209437,0.008124428959245525,Dunkin'
