job_id,job_title_raw,role_bucket,store_number,store_name,city,state,posted_date,days_open,job_url
260043820,store manager,STORE_MANAGER,,,Beaverton,OR,2026-06-12,111.0,https://apply.starbucks.com/careers/job/481078734709
260052959,"shift supervisor - Store# 19127, RURAL & VISTA DEL CERRO",SHIFT_SUPERVISOR,19127,RURAL & VISTA DEL CERRO,Tempe,AZ,2026-07-04,89.0,https://apply.starbucks.com/careers/job/481079230057
260052961,"barista - Store# 20227, GOLDEN VALLEY & SOLEDAD CANYON",BARISTA,20227,GOLDEN VALLEY & SOLEDAD CANYON,Santa Clarita,CA,2026-07-04,89.0,https://apply.starbucks.com/careers/job/481079230053
260052962,"barista - Store# 07935, 5492 Mission Center Rd.",BARISTA,07935,5492 Mission Center Rd.,San Diego,CA,2026-07-04,89.0,https://apply.starbucks.com/careers/job/481079230056
260052963,"barista - Store# 11123, YELLOWSTONE AND POLE LINE",BARISTA,11123,YELLOWSTONE AND POLE LINE,Pocatello,ID,2026-07-04,89.0,https://apply.starbucks.com/careers/job/481079230059
260052964,"shift supervisor - Store# 08545, WESTON PKWY & HARRISON AVE, EXT 287",SHIFT_SUPERVISOR,08545,"WESTON PKWY & HARRISON AVE, EXT 287",Cary,NC,2026-07-04,89.0,https://apply.starbucks.com/careers/job/481079230058
260052965,"shift supervisor - Store# 19546, COOLSPRING GALLERIA",SHIFT_SUPERVISOR,19546,COOLSPRING GALLERIA,Franklin,TN,2026-07-04,89.0,https://apply.starbucks.com/careers/job/481079230048
260052966,"shift supervisor - Store# 11037, I-4 & SR 434-ALTAMONTE SPRINGS",SHIFT_SUPERVISOR,11037,I-4 & SR 434-ALTAMONTE SPRINGS,Altamonte Springs,FL,2026-07-04,89.0,https://apply.starbucks.com/careers/job/481079230050
260052967,"shift manager - Store# 00811, CHESTNUT HILL",SHIFT_SUPERVISOR,00811,CHESTNUT HILL,Chestnut Hill,MA,2026-07-04,89.0,https://apply.starbucks.com/careers/job/481079230052
260052968,"shift manager - Store# 08988, STATION LANDING",SHIFT_SUPERVISOR,08988,STATION LANDING,Medford,MA,2026-07-04,89.0,https://apply.starbucks.com/careers/job/481079230070
260052969,"barista - Store# 02883, OSHKOSH-HWY 41 & 9TH",BARISTA,02883,OSHKOSH-HWY 41 & 9TH,Oshkosh,WI,2026-07-04,89.0,https://apply.starbucks.com/careers/job/481079230063
260052970,"barista - Store# 78977, CHELSEA COMMONS",BARISTA,78977,CHELSEA COMMONS,Chelsea,MA,2026-07-04,89.0,https://apply.starbucks.com/careers/job/481079230069
260052971,"shift manager - Store# 19385, WAYSIDE COMMONS",SHIFT_SUPERVISOR,19385,WAYSIDE COMMONS,Burlington,MA,2026-07-04,89.0,https://apply.starbucks.com/careers/job/481079230064
260052972,"barista - Store# 58392, GREEN VALLEY RANCH AND WALDEN",BARISTA,58392,GREEN VALLEY RANCH AND WALDEN,Denver,CO,2026-07-04,89.0,https://apply.starbucks.com/careers/job/481079230061
260052974,"barista - Store# 13852, TROY & GOVERNOR'S PKWY",BARISTA,13852,TROY & GOVERNOR'S PKWY,Edwardsville,IL,2026-07-04,89.0,https://apply.starbucks.com/careers/job/481079230071
260052975,"shift manager - Store# 11849, PLYMOUTH, COLONY PLACE",SHIFT_SUPERVISOR,11849,"PLYMOUTH, COLONY PLACE",Plymouth,MA,2026-07-04,89.0,https://apply.starbucks.com/careers/job/481079230066
260052977,"barista - Store# 61895, SR 9 & 204TH ST",BARISTA,61895,SR 9 & 204TH ST,Arlington,WA,2026-07-04,89.0,https://apply.starbucks.com/careers/job/481079230068
260052978,"barista - Store# 66067, PICKUP - SIERRA & MARYGOLD",BARISTA,66067,PICKUP - SIERRA & MARYGOLD,Fontana,CA,2026-07-04,89.0,https://apply.starbucks.com/careers/job/481079230079
260052979,"shift supervisor - Store# 00722, GEORGETOWN",SHIFT_SUPERVISOR,00722,GEORGETOWN,Washington,DC,2026-07-04,89.0,https://apply.starbucks.com/careers/job/481079230073
260052981,"barista - Store# 00811, CHESTNUT HILL",BARISTA,00811,CHESTNUT HILL,Chestnut Hill,MA,2026-07-04,89.0,https://apply.starbucks.com/careers/job/481079230082
