geography,unique_stores_hiring,active_retail_postings,postings_per_hiring_store,pct_over_30_days,pct_over_60_days,leadership_vacancy_intensity,store_manager_postings,district_manager_postings,median_days_open
NH,33,70,2.121,31.4,11.4,0.1515,5,0,26.0
HI,67,134,2.0,38.1,11.9,0.0149,0,1,29.0
MS,34,68,2.0,35.3,5.9,0.0588,2,0,27.0
MI,180,358,1.989,34.1,17.3,0.0444,8,0,27.0
WI,156,309,1.981,34.0,12.0,0.0513,7,1,26.0
ID,50,99,1.98,37.4,10.1,0.04,2,0,28.0
NE,47,93,1.979,24.7,7.5,0.0213,1,0,25.0
NJ,224,443,1.978,37.2,11.7,0.0223,5,0,29.0
MA,207,409,1.976,60.6,42.8,0.0242,5,0,46.0
UT,76,150,1.974,35.3,12.7,0.0132,1,0,28.0
IA,62,122,1.968,28.7,12.3,0.0323,2,0,26.0
MN,116,228,1.966,33.8,13.6,0.0172,2,0,26.0
NM,74,145,1.959,33.8,13.1,0.0,0,0,28.0
NY,518,1014,1.958,37.2,13.8,0.0193,10,0,29.0
OR,168,329,1.958,37.1,13.4,0.0417,6,1,26.0
