store_number,role,expired_job_ids,expired_still_listed,same_role_postings_now,replacement_job_ids,replacement_posted_ts,replacement_created_ts
00377,BARISTA,260053156,False,0,,,
00605,SHIFT_SUPERVISOR,260053134,False,0,,,
00722,BARISTA,260052979;260053035,False,0,,,
00722,SHIFT_SUPERVISOR,260052979;260053035,False,0,,,
00735,BARISTA,260053057,False,0,,,
00743,BARISTA,260053001,False,0,,,
00749,BARISTA,260052986,False,0,,,
00810,SHIFT_SUPERVISOR,260053060,False,0,,,
00811,BARISTA,260052967;260052981,False,0,,,
00811,SHIFT_SUPERVISOR,260052967;260052981,False,0,,,
00822,SHIFT_SUPERVISOR,260053157,False,0,,,
00833,SHIFT_SUPERVISOR,260053086,False,0,,,
00872,SHIFT_SUPERVISOR,260053158,False,0,,,
02416,SHIFT_SUPERVISOR,260053045,False,0,,,
02490,BARISTA,260053010;260053118,False,0,,,
02490,SHIFT_SUPERVISOR,260053010;260053118,False,0,,,
02774,BARISTA,260053072,False,0,,,
02779,BARISTA,260053011,False,0,,,
02860,SHIFT_SUPERVISOR,260053056,False,0,,,
02883,BARISTA,260052969,False,0,,,
02911,BARISTA,260053172,False,0,,,
03388,BARISTA,260053121,False,0,,,
03415,BARISTA,260053124,False,0,,,
03475,BARISTA,260053144,False,0,,,
05283,BARISTA,260053142,False,0,,,
05439,BARISTA,260053170,False,0,,,
05478,BARISTA,260053089,False,0,,,
05560,SHIFT_SUPERVISOR,260053150,False,0,,,
05588,BARISTA,260053168,False,0,,,
05764,BARISTA,260052985;260053024,False,0,,,
05764,SHIFT_SUPERVISOR,260052985;260053024,False,0,,,
05791,BARISTA,260053043,False,0,,,
06240,BARISTA,260053064,False,0,,,
06528,BARISTA,260053052,False,0,,,
06663,BARISTA,260053114,False,0,,,
06675,SHIFT_SUPERVISOR,260053085,False,0,,,
06825,SHIFT_SUPERVISOR,260053049,False,0,,,
06917,SHIFT_SUPERVISOR,260053038,False,0,,,
07269,SHIFT_SUPERVISOR,260053034,False,0,,,
07374,SHIFT_SUPERVISOR,260053140,False,0,,,
07615,BARISTA,260053186,False,0,,,
07935,BARISTA,260052962,False,0,,,
08260,BARISTA,260052987,False,0,,,
08343,SHIFT_SUPERVISOR,260053155,False,0,,,
08349,BARISTA,260053123,False,0,,,
08455,BARISTA,260052996,False,0,,,
08466,BARISTA,260053132,False,0,,,
08545,SHIFT_SUPERVISOR,260052964,False,0,,,
08586,SHIFT_SUPERVISOR,260053004,False,0,,,
08666,BARISTA,260053099,False,0,,,
08677,BARISTA,260053093,False,0,,,
08691,BARISTA,260053075,False,0,,,
08746,SHIFT_SUPERVISOR,260053023,False,0,,,
08759,BARISTA,260053013,False,0,,,
08873,SHIFT_SUPERVISOR,260053103,False,0,,,
08988,SHIFT_SUPERVISOR,260052968,False,0,,,
09623,BARISTA,260053016,False,0,,,
09649,SHIFT_SUPERVISOR,260052994,False,0,,,
09694,BARISTA,260053069,False,0,,,
10229,BARISTA,260053148,False,0,,,
10277,BARISTA,260053065,False,0,,,
10304,SHIFT_SUPERVISOR,260053120,False,0,,,
10489,BARISTA,260053113,False,0,,,
10556,BARISTA,260053160,False,0,,,
10595,BARISTA,260053036,False,0,,,
10768,BARISTA,260052998,False,0,,,
10962,SHIFT_SUPERVISOR,260053135,False,0,,,
11037,SHIFT_SUPERVISOR,260052966,False,0,,,
11123,BARISTA,260052963,False,0,,,
11219,BARISTA,260052999,False,0,,,
11246,BARISTA,260053138,False,0,,,
11849,SHIFT_SUPERVISOR,260052975,False,0,,,
13655,BARISTA,260053077,False,0,,,
13852,BARISTA,260052974,False,0,,,
14133,BARISTA,260053015;260053127,False,0,,,
14133,SHIFT_SUPERVISOR,260053015;260053127,False,0,,,
16990,BARISTA,260053033,False,0,,,
19127,SHIFT_SUPERVISOR,260052959,False,0,,,
19281,BARISTA,260053149,False,0,,,
19385,SHIFT_SUPERVISOR,260052971,False,0,,,
19546,BARISTA,260052965;260053143,False,0,,,
19546,SHIFT_SUPERVISOR,260052965;260053143,False,0,,,
20227,BARISTA,260052961,False,0,,,
21073,BARISTA,260053112,False,0,,,
22253,SHIFT_SUPERVISOR,260053058,False,0,,,
22264,SHIFT_SUPERVISOR,260053012,False,0,,,
22479,SHIFT_SUPERVISOR,260053084,False,0,,,
22488,BARISTA,260053105,False,0,,,
23738,SHIFT_SUPERVISOR,260053071,False,0,,,
23830,BARISTA,260053032,False,0,,,
24423,BARISTA,260053182,False,0,,,
24813,SHIFT_SUPERVISOR,260053030,False,0,,,
29496,BARISTA,260053096,False,0,,,
49007,BARISTA,260053109;260053175,False,0,,,
49007,SHIFT_SUPERVISOR,260053109;260053175,False,0,,,
49954,BARISTA,260053111,False,0,,,
50830,BARISTA,260053059,False,0,,,
52520,BARISTA,260053007,False,0,,,
53816,SHIFT_SUPERVISOR,260053098,False,0,,,
54504,BARISTA,260053018,False,0,,,
55369,BARISTA,260053116,False,0,,,
56038,BARISTA,260053125,False,0,,,
56449,SHIFT_SUPERVISOR,260053061,False,0,,,
56592,BARISTA,260053053,False,0,,,
58392,BARISTA,260052972,False,0,,,
58775,BARISTA,260053080,False,0,,,
58886,SHIFT_SUPERVISOR,260053188,False,0,,,
59378,BARISTA,260053014,False,0,,,
60630,BARISTA,260053176,False,0,,,
60844,BARISTA,260053066,False,0,,,
61496,SHIFT_SUPERVISOR,260053092,False,0,,,
61895,BARISTA,260052977,False,0,,,
62025,SHIFT_SUPERVISOR,260053136,False,0,,,
62188,BARISTA,260053079,False,0,,,
62568,SHIFT_SUPERVISOR,260053020,False,0,,,
63127,BARISTA,260053063,False,0,,,
65153,BARISTA,260053153,False,0,,,
65620,BARISTA,260053000,False,0,,,
66067,BARISTA,260052978,False,0,,,
66071,BARISTA,260053185,False,0,,,
66112,BARISTA,260052988,False,0,,,
66202,BARISTA,260053026,False,0,,,
67349,BARISTA,260053146,False,0,,,
67574,BARISTA,260053100,False,0,,,
67581,SHIFT_SUPERVISOR,260053094,False,0,,,
68621,BARISTA,260053171,False,0,,,
68683,BARISTA,260053104,False,0,,,
70638,SHIFT_SUPERVISOR,260053003,False,0,,,
71573,SHIFT_SUPERVISOR,260053102,False,0,,,
75018,BARISTA,260053151,False,0,,,
78776,SHIFT_SUPERVISOR,260053025,False,0,,,
78969,BARISTA,260053159,False,0,,,
78977,BARISTA,260052970,False,0,,,
80662,BARISTA,260053122,False,0,,,
80663,SHIFT_SUPERVISOR,260053009,False,0,,,
80664,SHIFT_SUPERVISOR,260053091,False,0,,,
81547,BARISTA,260053163,False,0,,,
81576,BARISTA,260053017,False,0,,,
81797,BARISTA,260053051;260053166,False,0,,,
81797,SHIFT_SUPERVISOR,260053051;260053166,False,0,,,
83481,BARISTA,260053181,False,0,,,
84034,BARISTA,260053115,False,0,,,
84764,SHIFT_SUPERVISOR,260053019,False,0,,,
84790,BARISTA,260053054,False,0,,,
86759,SHIFT_SUPERVISOR,260053184,False,0,,,
