weeks_since_open,stores,median_rel
0,811,0.8170177650395747
1,811,0.8370405244212984
2,812,0.835600335852225
3,812,0.8467924528301887
4,812,0.8503937007874016
5,812,0.8511017137769864
6,812,0.8720714020081815
7,812,0.8624671916010499
8,812,0.8543111992071358
9,812,0.8625660740028832
10,812,0.8713733075435203
11,812,0.8792215226101889
12,812,0.8654381084840056
13,812,0.872535068103273
14,812,0.8678051865907653
15,794,0.8684336645162454
16,794,0.8650157434749534
17,794,0.8652298168122793
18,794,0.8788724825528446
19,794,0.8683723808261001
20,794,0.8919464560420517
21,776,0.8719041088062176
22,776,0.8925630705125087
23,776,0.876919652166072
24,762,0.8910174448960647
25,762,0.9063366977123153
26,762,0.9001928797824919
27,762,0.8920897501260966
28,762,0.8957455421189839
29,762,0.9297156252459842
30,749,0.9232158846504144
31,749,0.9157661709014666
32,749,0.9164611967287071
33,730,0.9321824907521579
34,730,0.9224696926980547
35,730,0.9138276553106213
36,730,0.9201442555383823
37,717,0.9224837662337663
38,717,0.9217439910564561
39,717,0.9314285714285714
40,717,0.9263379434756465
41,704,0.9199451052150046
42,698,0.9437252311756935
43,698,0.9329819277108434
44,691,0.924651827163433
45,691,0.9233805849632155
46,691,0.9417917235106866
47,683,0.9372177191627253
48,669,0.9283840719449445
49,669,0.9373962689569358
50,669,0.9397763220514543
51,611,0.9286520794330593
52,611,0.924072509286386
53,611,0.9398189183135267
54,611,0.9371219518330204
55,583,0.9437244201909959
56,583,0.9409937888198758
57,583,0.9349538600045014
58,553,0.942862099947035
59,553,0.9374642887327584
60,553,0.9269281056151825
61,553,0.9293963037414308
62,523,0.9330507572600731
63,523,0.9139551716723793
64,523,0.9271300866994804
65,502,0.9141126158232359
66,502,0.919908466819222
67,502,0.9050966608084359
68,502,0.9292423293675642
69,476,0.9270050977099212
70,476,0.9246302138009503
71,476,0.915810052524429
72,435,0.9183085055261894
73,435,0.9214914312181566
74,435,0.8939970233173474
75,435,0.9233833177132146
76,435,0.8964097873313515
77,406,0.9198452183526811
78,406,0.9170896785109983
79,406,0.9133161195130948
80,406,0.9198751300728408
81,388,0.9115815691158157
82,387,0.9108599860478939
83,387,0.9209732497675649
84,365,0.8908061123095075
85,365,0.8946064994912921
86,365,0.8987105619619901
87,365,0.9052062937127101
88,343,0.9108481262327416
89,343,0.8943448275862069
90,331,0.8891779396462018
91,306,0.9300397915962988
92,306,0.9423727563228789
93,306,0.9250274900340059
94,287,0.95456
95,287,0.9600886917960089
96,287,0.9440900562851783
97,287,0.941596590254579
98,263,0.940182230211537
99,263,0.926440976591996
100,263,0.9326620538091781
101,263,0.9427709722148979
102,176,0.9568930766117622
103,176,0.983382037685685
104,176,0.96262288500705
