MSA_CODE,sb26,sb25,dk26,dk25,share25,share26,share_change_pp,sb_locations_2025,sb_closures,closures_per_100,pct_stores_near_persistent_vacancy
10180,38359.538,37773.231,2366.385,2474.462,93.852,94.189,0.338,10,1.0,10.0,0.0
10420,82194.615,79411.154,48719.923,48980.923,61.851,62.785,0.934,31,0.0,0.0,0.0
10460,13355.769,12847.615,1986.231,1832.308,87.518,87.054,-0.465,2,0.0,0.0,0.0
10500,15932.923,14819.769,6923.308,6918.308,68.174,69.709,1.535,3,0.0,0.0,0.0
10580,90459.769,89470.154,136600.154,136816.385,39.538,39.84,0.301,42,1.0,2.381,0.0
10620,4284.462,4083.462,1537.615,1510.154,73.002,73.59,0.588,1,0.0,0.0,0.0
10700,5194.615,5543.846,4505.615,4483.846,55.285,53.551,-1.734,2,0.0,0.0,
10740,164534.769,161810.538,9827.077,9744.769,94.32,94.364,0.044,59,3.0,5.085,0.0
10900,93623.231,88535.077,123388.0,120616.462,42.331,43.142,0.812,29,0.0,0.0,0.0
11020,5327.769,5681.846,16943.538,17022.692,25.025,23.922,-1.103,3,0.0,0.0,
11100,98174.0,95636.923,2450.923,2378.692,97.573,97.564,-0.009,14,0.0,0.0,0.0
11180,73816.538,74355.769,3220.846,3311.077,95.737,95.819,0.082,8,0.0,0.0,0.0
11220,4621.308,4380.385,6722.308,6813.923,39.13,40.739,1.609,3,0.0,0.0,
11460,41676.615,43517.923,2919.077,2757.923,94.04,93.454,-0.586,15,1.0,6.667,0.0
11500,8849.308,8400.615,12190.231,12840.769,39.548,42.06,2.512,3,0.0,0.0,0.0
11540,37402.077,35829.154,1800.692,1943.308,94.855,95.407,0.551,9,0.0,0.0,0.0
11660,2091.308,1712.231,9317.846,9089.231,15.852,18.33,2.478,1,0.0,0.0,
11700,104964.154,100006.154,28915.0,28770.769,77.658,78.402,0.744,41,0.0,0.0,0.0
11740,8633.846,8911.538,7390.615,7511.231,54.263,53.879,-0.384,2,0.0,0.0,
11780,9918.0,5547.308,5709.692,5594.462,49.788,63.464,13.676,1,0.0,0.0,0.0
11940,8396.0,8095.231,3175.923,3122.538,72.164,72.555,0.391,2,0.0,0.0,
12020,63044.615,63466.308,20335.462,20306.154,75.76,75.611,-0.149,10,0.0,0.0,0.0
12060,887559.769,886412.231,397784.308,396177.538,69.111,69.052,-0.059,281,8.0,2.847,26.027
12100,31164.154,33297.538,33023.769,32925.385,50.281,48.551,-1.73,18,0.0,0.0,0.0
12180,2202.077,2607.769,11687.154,11646.846,18.294,15.855,-2.44,1,0.0,0.0,0.0
12220,62296.308,81456.077,5191.308,5142.769,94.061,92.308,-1.754,8,1.0,12.5,0.0
12260,102294.846,103855.154,45312.231,45408.846,69.578,69.302,-0.276,29,1.0,3.448,0.0
12300,7948.0,7600.462,33225.231,33006.923,18.717,19.304,0.587,3,0.0,0.0,50.0
12420,372116.308,360936.615,17164.615,16872.538,95.534,95.591,0.057,121,1.0,0.826,0.0
12540,235092.846,242088.846,6564.923,6503.846,97.384,97.283,-0.1,77,7.0,9.091,60.87
12580,334404.308,338199.0,233234.0,228706.0,59.657,58.912,-0.746,145,13.0,8.966,40.351
12620,8790.0,8522.846,57268.308,56888.846,13.03,13.306,0.277,4,0.0,0.0,0.0
12660,13319.077,12602.615,10171.538,10404.923,54.776,56.7,1.924,3,0.0,0.0,0.0
12700,23357.846,22760.692,49746.462,49485.538,31.504,31.951,0.447,11,0.0,0.0,0.0
12740,1186.846,1132.769,2857.769,2962.692,27.659,29.344,1.685,1,0.0,0.0,
12860,3018.385,2905.923,14451.154,14013.615,17.175,17.278,0.103,3,0.0,0.0,0.0
13140,46446.0,45517.308,13782.769,13412.0,77.241,77.116,-0.125,11,0.0,0.0,0.0
13180,4241.077,3600.462,2888.615,2745.615,56.735,59.485,2.749,1,0.0,0.0,0.0
13220,20122.462,14647.769,13443.462,12907.923,53.157,59.949,6.792,2,0.0,0.0,0.0
13420,7865.538,7932.692,2972.231,2848.385,73.58,72.575,-1.005,3,0.0,0.0,0.0
13540,5192.0,5108.923,3153.385,3139.231,61.94,62.214,0.274,3,0.0,0.0,0.0
13780,43339.846,37741.077,32593.538,32370.308,53.83,57.076,3.246,6,0.0,0.0,0.0
13820,145986.923,155595.615,44714.538,44540.615,77.745,76.553,-1.192,40,2.0,5.0,0.0
13980,42234.923,42478.692,4485.154,4373.538,90.665,90.4,-0.265,11,0.0,0.0,0.0
14010,41266.846,44080.385,6639.308,6629.615,86.926,86.141,-0.785,11,1.0,9.091,0.0
14020,126950.231,119162.692,2816.615,2770.308,97.728,97.829,0.101,11,0.0,0.0,0.0
14100,5136.923,5071.308,9046.769,8897.769,36.304,36.217,-0.087,1,0.0,0.0,0.0
14140,6589.385,6270.0,2845.231,2807.385,69.073,69.843,0.77,3,0.0,0.0,0.0
14460,385058.462,390234.923,864276.0,856979.846,31.289,30.821,-0.467,263,23.0,8.745,43.478
14500,113219.231,114710.692,2328.462,2326.0,98.013,97.985,-0.028,31,1.0,3.226,0.0
14540,37607.231,37599.077,3624.077,3762.308,90.904,91.21,0.307,6,0.0,0.0,0.0
14700,21907.846,22705.0,2177.154,2232.846,91.046,90.961,-0.086,6,1.0,16.667,0.0
14720,8296.077,8317.846,4175.538,4180.615,66.551,66.52,-0.031,6,0.0,0.0,0.0
14820,4407.923,4581.462,2475.692,2615.615,63.657,64.035,0.378,2,0.0,0.0,
14860,95814.0,93904.692,98869.462,97641.462,49.025,49.215,0.191,46,2.0,4.348,58.065
15180,76838.462,61546.769,3442.538,3337.154,94.857,95.712,0.855,10,0.0,0.0,0.0
15260,15436.538,15570.154,8860.462,8693.154,64.172,63.533,-0.639,6,0.0,0.0,0.0
15380,146161.769,130166.154,19413.615,19894.692,86.742,88.275,1.533,40,1.0,2.5,0.0
15460,6727.615,6168.846,4220.462,4225.692,59.347,61.45,2.103,2,0.0,0.0,0.0
15500,38734.308,35241.154,5908.692,6122.077,85.199,86.765,1.565,6,0.0,0.0,0.0
15540,10288.846,10365.077,19934.692,19574.769,34.62,34.042,-0.577,8,0.0,0.0,100.0
15660,3611.462,3397.538,7688.462,7927.077,30.001,31.96,1.959,2,0.0,0.0,0.0
15680,12399.615,10299.0,5605.385,5568.923,64.905,68.868,3.963,2,0.0,0.0,0.0
15700,1796.0,1919.0,3193.154,3124.154,38.052,35.998,-2.053,1,0.0,0.0,0.0
15740,1643.231,1692.231,3342.077,3121.615,35.153,32.961,-2.192,1,0.0,0.0,0.0
15900,3058.0,2963.308,3997.0,3754.385,44.112,43.345,-0.767,1,0.0,0.0,
15940,100934.538,95416.154,42675.615,42194.154,69.338,70.284,0.946,15,0.0,0.0,0.0
15980,131538.0,123807.692,73964.308,73629.308,62.707,64.008,1.301,37,1.0,2.703,0.0
16020,18760.231,19050.0,2513.385,2517.0,88.329,88.185,-0.144,3,0.0,0.0,0.0
16060,49924.231,46718.077,7157.462,7396.692,86.331,87.461,1.13,7,0.0,0.0,0.0
16300,93857.462,91209.769,9683.0,9607.538,90.47,90.648,0.178,15,1.0,6.667,0.0
16540,18076.154,17116.0,6057.615,6092.462,73.749,74.9,1.151,4,0.0,0.0,75.0
16580,24107.769,23208.538,19817.385,21360.923,52.073,54.884,2.811,10,0.0,0.0,0.0
16620,22842.077,21533.154,6313.692,6289.0,77.396,78.345,0.949,6,0.0,0.0,0.0
16660,10993.692,10912.692,4012.846,3937.538,73.485,73.259,-0.226,2,0.0,0.0,0.0
16700,199626.615,195027.231,60773.462,61369.154,76.065,76.662,0.597,44,0.0,0.0,0.0
16740,504590.846,495697.385,144396.769,144183.615,77.467,77.75,0.283,154,6.0,3.896,0.0
16820,28913.0,40498.615,4833.308,4765.692,89.471,85.678,-3.794,15,3.0,20.0,0.0
16860,85401.308,82944.692,33672.462,33786.538,71.056,71.721,0.665,27,1.0,3.704,0.0
16940,51314.385,47260.308,1287.692,1526.308,96.871,97.552,0.681,8,0.0,0.0,0.0
16980,1791688.692,1756027.923,1046662.846,1031843.154,62.988,63.124,0.136,631,30.0,4.754,52.762
17060,17851.692,17086.0,1399.769,1619.231,91.343,92.729,1.386,2,0.0,0.0,
17140,541511.154,523989.385,146926.0,146354.769,78.167,78.658,0.491,117,2.0,1.709,0.0
17200,9623.308,8446.154,25993.769,25475.923,24.899,27.019,2.12,5,0.0,0.0,0.0
17220,11461.308,11219.308,7711.385,7542.923,59.797,59.779,-0.018,2,0.0,0.0,0.0
17300,35463.231,37703.077,13141.538,13267.077,73.971,72.962,-1.008,11,1.0,9.091,0.0
17340,15355.769,14588.0,1622.769,1558.846,90.346,90.442,0.096,2,0.0,0.0,0.0
17420,29922.769,29057.308,8126.462,7717.923,79.013,78.642,-0.371,5,0.0,0.0,0.0
17460,374095.846,367796.538,114894.923,113883.0,76.357,76.504,0.147,104,3.0,2.885,4.255
17540,266.308,2628.692,1374.923,1400.538,65.241,16.226,-49.014,2,1.0,50.0,
17580,18155.923,18139.615,343.385,395.0,97.869,98.144,0.275,3,0.0,0.0,0.0
17780,99215.769,102977.769,3603.154,3625.615,96.599,96.496,-0.103,19,1.0,5.263,0.0
17820,222962.846,231094.692,13406.308,13482.308,94.487,94.328,-0.159,64,3.0,4.688,0.0
17860,41655.615,41335.769,2861.154,2800.0,93.656,93.573,-0.083,10,0.0,0.0,0.0
17900,141741.923,144546.077,35717.077,34429.462,80.763,79.873,-0.89,45,1.0,2.222,51.852
17980,40059.385,41634.692,13131.692,12935.846,76.295,75.312,-0.983,11,0.0,0.0,0.0
18020,25864.538,28830.308,5086.538,5193.154,84.737,83.566,-1.171,5,1.0,20.0,0.0
18140,431662.077,427255.462,27871.462,27303.462,93.993,93.935,-0.059,141,7.0,4.965,0.0
18180,17452.923,16833.308,44033.308,44189.692,27.585,28.385,0.8,6,0.0,0.0,0.0
18260,19456.846,19597.231,7490.462,7197.077,73.14,72.203,-0.936,4,0.0,0.0,0.0
18460,31192.538,31828.462,6998.692,6934.769,82.11,81.675,-0.435,3,0.0,0.0,0.0
18500,3834.308,3198.923,17825.385,17504.769,15.451,17.703,2.252,1,0.0,0.0,0.0
18580,59741.615,51158.385,3840.769,3836.0,93.025,93.959,0.935,14,0.0,0.0,0.0
18660,2584.385,2850.846,16377.462,16626.462,14.637,13.629,-1.007,1,0.0,0.0,0.0
18880,64795.231,62458.077,28867.077,26967.846,69.843,69.18,-0.664,19,0.0,0.0,0.0
18900,13631.538,13433.692,4030.769,4035.923,76.897,77.179,0.281,4,0.0,0.0,
18980,10630.462,11502.538,18942.615,20390.846,36.066,35.946,-0.119,2,0.0,0.0,0.0
19000,29475.615,33192.385,2424.308,2310.769,93.491,92.4,-1.091,6,0.0,0.0,0.0
19060,1655.615,6014.154,7734.769,7624.308,44.097,17.631,-26.466,2,1.0,50.0,0.0
19100,1922021.154,1902137.154,138204.462,136187.462,93.319,93.292,-0.027,520,20.0,3.846,0.0
19140,16608.308,16462.846,2325.846,2316.308,87.666,87.716,0.051,5,0.0,0.0,0.0
19180,2541.385,2436.615,3527.231,3459.615,41.325,41.878,0.553,1,0.0,0.0,0.0
19300,78268.0,73266.0,5791.692,5756.692,92.715,93.11,0.395,9,0.0,0.0,0.0
19340,127978.615,122651.615,7398.538,7477.077,94.254,94.535,0.281,21,1.0,4.762,0.0
19380,178574.769,167573.538,36834.308,35102.692,82.68,82.9,0.22,36,0.0,0.0,0.0
19460,26720.0,22554.308,4315.077,4240.923,84.173,86.096,1.923,3,0.0,0.0,0.0
19500,32390.538,29556.923,5398.769,5269.692,84.869,85.714,0.845,5,1.0,20.0,0.0
19660,61523.231,57516.769,73958.154,74896.462,43.437,45.411,1.974,20,0.0,0.0,0.0
19740,1084785.692,1115088.385,24797.154,24477.0,97.852,97.765,-0.087,289,31.0,10.727,0.0
19780,287331.154,275901.077,24186.692,23806.0,92.057,92.236,0.179,56,1.0,1.786,0.0
19820,633304.615,606084.077,96013.615,94185.231,86.55,86.835,0.285,172,4.0,2.326,46.835
19940,3229.769,3116.231,692.308,580.308,84.301,82.348,-1.953,1,0.0,0.0,0.0
20020,42427.385,43424.308,8287.769,8205.231,84.107,83.658,-0.449,5,0.0,0.0,0.0
20100,10255.846,10219.154,32191.308,31967.385,24.224,24.161,-0.062,7,1.0,14.286,0.0
20140,4051.308,3977.846,11334.692,11239.615,26.14,26.331,0.191,1,0.0,0.0,0.0
20220,37390.385,36228.0,2744.615,2766.462,92.906,93.162,0.256,6,0.0,0.0,0.0
20260,30677.923,29401.154,6245.154,6090.077,82.841,83.086,0.245,5,0.0,0.0,0.0
20380,10531.538,10034.846,1426.154,1377.692,87.928,88.073,0.145,3,0.0,0.0,0.0
20420,24207.846,21430.692,616.846,564.692,97.433,97.515,0.083,4,0.0,0.0,0.0
20500,56715.615,55165.692,9812.154,9997.154,84.658,85.251,0.593,27,2.0,7.407,0.0
20660,10403.077,9452.538,5472.692,5501.923,63.209,65.528,2.319,4,0.0,0.0,0.0
20700,12397.0,10139.692,38264.231,38346.385,20.913,24.47,3.558,6,0.0,0.0,0.0
20740,17246.308,16869.231,9454.0,9257.769,64.566,64.592,0.026,6,0.0,0.0,0.0
20820,2048.692,2025.0,2087.769,2065.538,49.504,49.528,0.023,1,0.0,0.0,0.0
20940,39254.231,36792.846,752.231,761.692,97.972,98.12,0.148,10,0.0,0.0,0.0
21020,8837.692,7692.615,6179.615,6072.077,55.887,58.85,2.963,2,0.0,0.0,0.0
21060,20747.692,21404.308,4099.462,3548.077,85.781,83.501,-2.279,7,1.0,14.286,0.0
21140,67709.692,67282.846,10072.846,10080.231,86.97,87.05,0.08,11,0.0,0.0,0.0
21220,6688.615,6442.615,2157.077,2102.385,75.396,75.614,0.218,4,0.0,0.0,100.0
21300,4973.692,4650.846,18576.154,18652.462,19.958,21.12,1.162,2,0.0,0.0,0.0
21340,133658.692,125020.615,32200.077,32418.154,79.409,80.586,1.177,45,0.0,0.0,0.0
21380,4894.769,4872.308,4402.615,4384.308,52.636,52.647,0.011,2,0.0,0.0,0.0
21460,3774.462,3719.308,4460.308,4452.0,45.517,45.836,0.319,1,0.0,0.0,
21500,18893.0,18431.308,11396.692,11030.923,62.559,62.374,-0.185,6,0.0,0.0,0.0
21780,79133.308,81052.385,17525.923,17721.077,82.059,81.868,-0.191,12,0.0,0.0,0.0
21900,6281.308,6198.692,1553.385,1631.154,79.167,80.173,1.006,2,0.0,0.0,0.0
22140,37941.692,37204.923,1377.308,1307.154,96.606,96.497,-0.109,8,0.0,0.0,0.0
22180,58587.462,57644.0,13070.385,12640.462,82.015,81.76,-0.255,17,0.0,0.0,0.0
22220,96551.154,96780.846,9756.0,9211.231,91.31,90.823,-0.487,21,0.0,0.0,0.0
22300,3568.154,4497.769,5644.923,5626.846,44.424,38.729,-5.695,3,1.0,33.333,0.0
22380,77351.462,82849.692,3157.923,3089.231,96.405,96.078,-0.328,15,2.0,13.333,0.0
22420,44800.692,44834.615,3248.462,3260.462,93.221,93.239,0.018,13,0.0,0.0,0.0
22500,54026.692,60245.462,9624.385,9562.154,86.302,84.879,-1.423,7,1.0,14.286,0.0
22520,30990.154,27778.0,8865.846,8705.692,76.138,77.755,1.617,5,1.0,20.0,0.0
22540,12829.846,12506.308,5106.077,4834.846,72.119,71.532,-0.588,3,0.0,0.0,0.0
22660,100281.769,99882.308,2254.923,2238.538,97.808,97.801,-0.007,30,2.0,6.667,0.0
22700,7589.154,8135.923,3285.615,3255.385,71.422,69.787,-1.635,3,0.0,0.0,0.0
22780,7050.077,6887.538,1207.0,966.615,87.693,85.382,-2.311,3,0.0,0.0,0.0
22800,1076.538,1029.385,523.385,517.769,66.534,67.287,0.753,1,0.0,0.0,
22840,1530.692,1157.538,2577.0,2795.0,29.286,37.264,7.978,1,0.0,0.0,
22860,591.154,681.0,1067.308,1178.538,36.622,35.645,-0.977,1,0.0,0.0,
22900,21921.923,16114.154,2697.692,2801.538,85.189,89.043,3.853,6,0.0,0.0,0.0
23060,107416.615,99985.231,21385.615,21490.077,82.309,83.397,1.087,24,0.0,0.0,0.0
23180,13366.231,12876.385,2893.0,2879.615,81.724,82.207,0.483,3,0.0,0.0,0.0
23300,10494.154,10457.692,1614.077,1570.385,86.944,86.67,-0.274,1,0.0,0.0,0.0
23380,6823.462,6443.0,6096.462,6177.154,51.053,52.813,1.76,3,0.0,0.0,
23460,13310.462,13309.154,3586.231,3586.615,78.772,78.776,0.003,3,0.0,0.0,
23500,8597.692,8831.846,4515.0,4731.231,65.117,65.568,0.451,2,0.0,0.0,0.0
23540,40269.692,44646.769,31743.846,28948.154,60.666,55.92,-4.746,15,3.0,20.0,0.0
23580,34190.154,34033.923,19959.385,19421.692,63.668,63.14,-0.527,12,0.0,0.0,20.0
23780,4437.615,3859.692,1884.538,2180.846,63.896,70.192,6.295,2,0.0,0.0,0.0
23860,3444.692,3366.538,5750.154,5763.077,36.875,37.463,0.588,2,0.0,0.0,0.0
23900,2629.615,2376.154,5998.0,6529.923,26.68,30.479,3.799,2,0.0,0.0,0.0
24020,7901.385,7845.769,16321.923,15938.154,32.988,32.619,-0.369,4,0.0,0.0,0.0
24060,12977.308,12306.231,936.769,921.692,93.032,93.267,0.235,6,0.0,0.0,0.0
24140,10885.769,10999.385,4385.769,4541.692,70.776,71.281,0.505,3,0.0,0.0,0.0
24260,8932.692,9216.154,3764.308,3625.077,71.77,70.353,-1.417,3,0.0,0.0,0.0
24340,189752.385,189285.615,6472.846,6130.077,96.863,96.701,-0.162,66,2.0,3.03,0.0
24580,37243.923,37903.231,5738.385,5641.538,87.044,86.649,-0.395,14,1.0,7.143,0.0
24620,5198.538,5069.692,4653.308,4864.077,51.035,52.767,1.732,1,0.0,0.0,
24640,2374.0,2486.769,15840.385,15955.385,13.484,13.034,-0.451,1,0.0,0.0,0.0
24660,144861.308,147156.385,20274.308,19861.846,88.108,87.723,-0.385,39,2.0,5.128,0.0
24700,8567.923,8474.769,1749.0,1629.692,83.872,83.047,-0.824,1,0.0,0.0,
24780,59816.923,59610.846,5779.231,5701.846,91.27,91.19,-0.08,11,2.0,18.182,0.0
24820,1075.0,1018.308,2105.231,2235.077,31.3,33.803,2.503,1,0.0,0.0,
24860,260784.846,253936.692,34148.0,34219.077,88.125,88.422,0.297,60,2.0,3.333,0.0
25060,45331.308,45421.231,3581.462,3590.923,92.673,92.678,0.004,10,0.0,0.0,0.0
25180,41529.769,35606.462,37379.769,36991.231,49.046,52.63,3.583,8,0.0,0.0,0.0
25260,30221.923,28133.0,1439.077,1422.154,95.188,95.455,0.267,10,1.0,10.0,0.0
25420,53973.846,50898.077,47892.846,47686.077,51.629,52.985,1.356,34,1.0,2.941,69.231
25500,32343.385,32684.154,12371.308,11480.846,74.005,72.333,-1.672,8,0.0,0.0,100.0
25540,100871.846,102495.0,223588.462,220962.769,31.687,31.089,-0.598,59,2.0,3.39,0.0
25580,5638.077,5224.615,1537.615,1553.538,77.08,78.572,1.492,1,0.0,0.0,0.0
25860,50034.538,48860.692,27756.615,27574.462,63.924,64.319,0.395,11,1.0,9.091,0.0
25940,52727.308,54578.154,14631.846,14514.692,78.992,78.278,-0.715,17,1.0,5.882,0.0
25980,4572.462,4282.538,4019.846,3988.308,51.779,53.216,1.437,2,0.0,0.0,0.0
26020,12800.615,11892.692,356.385,100.846,99.159,97.291,-1.868,2,0.0,0.0,0.0
26140,16179.615,16209.846,25086.077,24318.154,39.997,39.208,-0.788,3,0.0,0.0,0.0
26300,10197.923,10655.462,4346.538,4369.538,70.918,70.116,-0.803,2,0.0,0.0,0.0
26420,1435931.462,1403761.692,74236.923,73857.308,95.002,95.084,0.083,369,18.0,4.878,0.0
26580,53204.769,47052.0,11190.154,11075.615,80.946,82.623,1.677,13,0.0,0.0,0.0
26620,83595.077,71992.154,16727.308,16258.615,81.577,83.326,1.75,25,0.0,0.0,0.0
26740,13467.538,14148.231,859.308,852.231,94.319,94.002,-0.317,2,0.0,0.0,0.0
26860,10737.769,6931.538,11237.769,11014.0,38.625,48.862,10.237,2,1.0,50.0,0.0
26900,435567.923,461697.462,49900.077,49901.769,90.246,89.721,-0.525,130,6.0,4.615,0.0
26980,51078.615,49889.462,5514.462,5232.462,90.507,90.256,-0.252,11,0.0,0.0,0.0
27060,14094.846,13207.769,11201.308,11442.385,53.581,55.719,2.138,1,0.0,0.0,
27100,6703.923,6929.692,3709.154,3649.462,65.503,64.38,-1.123,2,0.0,0.0,0.0
27140,59520.538,58808.769,2351.154,2328.615,96.191,96.2,0.009,11,1.0,9.091,0.0
27180,20230.154,27895.308,4667.077,4658.692,85.689,81.255,-4.435,9,1.0,11.111,0.0
27260,241676.0,237445.538,128517.0,130216.077,64.583,65.284,0.701,73,1.0,1.37,0.0
27300,2272.385,2315.077,2836.923,2692.385,46.233,44.475,-1.757,1,0.0,0.0,0.0
27340,27441.692,27038.462,18619.308,19275.308,58.381,59.577,1.196,9,0.0,0.0,0.0
27460,7842.077,7511.692,1377.692,1264.385,85.593,85.057,-0.536,4,0.0,0.0,0.0
27500,48511.385,45607.538,9958.385,9678.846,82.493,82.968,0.475,6,0.0,0.0,0.0
27540,5104.538,4921.846,2926.692,2902.462,62.905,63.559,0.654,1,0.0,0.0,0.0
27600,15015.154,14199.231,3367.154,3453.538,80.436,81.683,1.246,2,0.0,0.0,
27740,30767.615,30900.769,22134.077,21605.538,58.852,58.16,-0.692,13,1.0,7.692,0.0
27780,7222.538,6783.462,11711.308,11504.538,37.092,38.146,1.054,2,0.0,0.0,0.0
27860,50227.0,53248.385,4529.0,4561.846,92.109,91.729,-0.38,5,1.0,20.0,0.0
27900,25546.538,25523.846,3044.231,3042.154,89.35,89.352,0.002,6,0.0,0.0,0.0
28020,21561.692,20474.154,1888.385,1991.692,91.135,91.947,0.813,11,0.0,0.0,0.0
28100,37497.846,34417.462,17148.077,16680.615,67.356,68.62,1.264,6,0.0,0.0,0.0
28140,519683.231,500321.231,31580.308,30845.462,94.193,94.271,0.078,113,3.0,2.655,0.0
28260,39925.923,38280.769,934.615,1007.308,97.436,97.713,0.277,5,0.0,0.0,0.0
28300,3291.769,2878.462,25752.615,25661.385,10.086,11.334,1.248,2,0.0,0.0,0.0
28500,7473.615,7573.0,1976.846,2089.231,78.377,79.082,0.705,2,0.0,0.0,0.0
28580,9528.077,8997.154,4280.077,4846.923,64.989,69.003,4.014,5,0.0,0.0,0.0
28620,9707.0,9457.154,7343.077,7183.615,56.831,56.932,0.101,4,0.0,0.0,0.0
28660,87661.077,85722.923,9654.231,10082.692,89.476,90.079,0.604,21,1.0,4.762,0.0
28700,78513.385,73681.538,28877.692,27477.308,72.837,73.11,0.272,17,0.0,0.0,0.0
28740,21088.154,20565.692,16090.077,16012.615,56.224,56.722,0.498,7,0.0,0.0,0.0
28940,184120.154,185335.154,53074.154,51644.615,78.207,77.624,-0.583,51,1.0,1.961,38.889
29060,7384.923,6910.231,31309.154,30938.769,18.257,19.085,0.828,1,0.0,0.0,0.0
29100,14324.846,13685.231,3679.231,3701.692,78.71,79.564,0.855,5,0.0,0.0,0.0
29180,61447.846,55567.231,1456.308,1232.846,97.829,97.685,-0.145,14,1.0,7.143,0.0
29200,54280.077,52680.615,6637.462,6505.385,89.009,89.104,0.096,14,0.0,0.0,0.0
29300,6048.538,5830.077,9430.385,9205.308,38.776,39.076,0.3,2,0.0,0.0,0.0
29340,54811.923,61591.538,6944.308,7201.077,89.532,88.755,-0.777,10,1.0,10.0,0.0
29380,23757.615,22966.385,4297.154,4342.538,84.098,84.683,0.585,3,0.0,0.0,0.0
29420,61245.154,62421.077,8811.692,8750.077,87.706,87.422,-0.284,18,1.0,5.556,0.0
29460,80490.154,77018.154,44299.692,43341.231,63.99,64.501,0.51,15,0.0,0.0,0.0
29540,63139.846,56547.692,22493.0,22334.308,71.686,73.733,2.047,18,1.0,5.556,0.0
29620,59252.308,57629.308,20522.769,19058.231,75.148,74.274,-0.874,18,1.0,5.556,0.0
29700,82747.615,74969.077,4222.615,4249.0,94.636,95.145,0.508,8,0.0,0.0,0.0
29740,24535.308,24251.077,4310.462,4432.462,84.547,85.057,0.51,9,1.0,11.111,0.0
29820,834276.154,819392.692,54304.923,52930.308,93.932,93.889,-0.044,238,10.0,4.202,0.0
29900,4424.385,4621.154,5657.923,5453.462,45.869,43.883,-1.987,1,0.0,0.0,0.0
29940,53747.385,56662.462,3271.538,3212.615,94.634,94.262,-0.372,10,2.0,20.0,0.0
30140,5871.538,5315.538,11950.769,11871.692,30.927,32.945,2.018,3,0.0,0.0,0.0
30260,4044.538,4510.462,3605.538,3537.385,56.046,52.869,-3.176,2,0.0,0.0,0.0
30340,9154.385,9136.385,31900.077,31445.308,22.514,22.298,-0.215,4,0.0,0.0,0.0
30380,837.538,894.538,8000.462,8076.462,9.971,9.477,-0.495,1,0.0,0.0,
30460,172017.308,164548.231,8055.077,8372.385,95.158,95.527,0.369,36,0.0,0.0,0.0
30620,14324.692,13951.385,2742.385,2692.0,83.825,83.932,0.106,3,0.0,0.0,0.0
30660,2741.769,2668.769,6966.692,7059.154,27.434,28.241,0.807,1,0.0,0.0,0.0
30700,68132.769,64766.0,6811.231,6518.231,90.856,90.912,0.056,14,1.0,7.143,0.0
30780,109347.538,120769.538,7429.0,7203.692,94.371,93.638,-0.733,39,6.0,15.385,0.0
30940,9136.308,9433.846,4162.308,4085.154,69.782,68.701,-1.081,2,0.0,0.0,0.0
30980,76431.0,71029.077,5870.769,5898.692,92.332,92.867,0.535,9,0.0,0.0,0.0
31080,2676621.615,2667318.923,74709.462,74512.0,97.282,97.285,0.002,1096,79.0,7.208,13.987
31140,233015.0,224549.385,25910.308,25716.385,89.724,89.993,0.269,57,0.0,0.0,0.0
31180,99369.385,99512.769,6147.846,6074.077,94.247,94.174,-0.074,23,1.0,4.348,0.0
31260,10817.923,10836.846,3248.385,3243.769,76.963,76.907,-0.056,3,0.0,0.0,0.0
31300,9099.615,10701.923,4473.0,4439.154,70.681,67.044,-3.637,3,1.0,33.333,0.0
31340,73700.077,72977.0,5530.077,6304.385,92.048,93.02,0.972,10,1.0,10.0,0.0
31380,6032.0,6333.846,1449.231,1487.308,80.984,80.628,-0.355,2,0.0,0.0,0.0
31420,39172.462,38211.231,18378.385,17714.615,68.325,68.066,-0.259,7,0.0,0.0,0.0
31460,39753.923,38263.462,1207.0,1223.923,96.9,97.053,0.153,10,1.0,10.0,0.0
31540,119953.846,113018.385,33500.538,32748.769,77.534,78.169,0.636,31,2.0,6.452,0.0
31700,33823.0,32856.769,101688.615,99852.846,24.758,24.959,0.201,12,0.0,0.0,66.667
31740,42195.846,43654.462,1024.077,1105.538,97.53,97.631,0.1,6,1.0,16.667,0.0
31820,7251.769,6933.077,3217.846,3173.846,68.597,69.265,0.668,2,0.0,0.0,100.0
31860,34731.692,32507.538,6177.769,5786.385,84.89,84.899,0.009,7,0.0,0.0,0.0
31900,27540.923,22643.385,2333.0,2309.154,90.746,92.191,1.445,3,0.0,0.0,0.0
31940,150.385,172.0,1076.308,1030.077,14.309,12.259,-2.049,1,0.0,0.0,
31980,16272.538,16077.154,1155.0,1110.846,93.537,93.373,-0.165,3,0.0,0.0,0.0
32000,5723.538,5928.462,2869.154,2850.923,67.527,66.609,-0.918,2,0.0,0.0,0.0
32020,11000.231,10496.846,1982.846,1979.231,84.136,84.727,0.592,2,0.0,0.0,0.0
32100,11481.462,11824.077,982.538,967.769,92.434,92.117,-0.317,3,0.0,0.0,0.0
32260,6138.692,6324.462,2516.923,2423.923,72.293,70.922,-1.371,2,0.0,0.0,
32580,180018.0,157693.846,14920.385,14727.077,91.459,92.346,0.887,25,0.0,0.0,0.0
32740,2810.923,2555.0,1687.923,1565.538,62.006,62.481,0.475,1,0.0,0.0,0.0
32820,210126.0,194073.0,23751.692,23495.923,89.201,89.844,0.644,62,3.0,4.839,0.0
32860,1630.538,1543.231,1412.769,1363.538,53.091,53.578,0.487,1,0.0,0.0,0.0
32940,8735.308,7799.154,757.231,782.538,90.881,92.023,1.142,2,0.0,0.0,100.0
33100,814375.231,792062.154,371163.846,372067.846,68.039,68.692,0.653,279,16.0,5.735,55.128
33140,13270.231,14315.0,7601.769,7514.231,65.577,63.579,-1.998,5,1.0,20.0,0.0
33260,68871.846,64308.154,1909.692,2174.077,96.73,97.302,0.572,8,0.0,0.0,0.0
33300,15787.231,15676.769,5272.692,5222.385,75.012,74.963,-0.048,2,0.0,0.0,0.0
33340,266512.154,251851.462,36790.692,36372.769,87.38,87.87,0.49,85,4.0,4.706,66.667
33460,539873.615,518034.308,44284.923,43760.077,92.211,92.419,0.208,194,7.0,3.608,0.0
33660,76469.231,79590.308,8588.615,8602.692,90.246,89.903,-0.343,12,1.0,8.333,0.0
33700,135481.077,131589.692,2202.0,2179.769,98.371,98.401,0.03,47,2.0,4.255,0.0
33780,6210.385,3748.308,1599.077,1587.538,70.248,79.524,9.276,2,0.0,0.0,0.0
33860,70387.846,73406.846,13202.615,12682.154,85.269,84.206,-1.063,14,1.0,7.143,0.0
33940,4037.538,3946.923,615.385,582.308,87.143,86.774,-0.369,3,0.0,0.0,0.0
33980,9309.846,9283.923,9506.462,9281.462,50.007,49.478,-0.529,3,0.0,0.0,0.0
34060,33232.538,32302.769,6570.308,6525.462,83.194,83.493,0.299,10,0.0,0.0,0.0
34100,11571.308,11551.0,16089.231,15491.385,42.714,41.833,-0.881,5,0.0,0.0,0.0
34380,12833.615,15070.0,2536.692,2930.077,83.722,83.496,-0.226,4,0.0,0.0,0.0
34500,7956.923,8223.077,4916.0,4888.231,62.717,61.811,-0.906,2,0.0,0.0,0.0
34540,4168.231,4052.538,4842.692,4783.385,45.864,46.258,0.393,2,0.0,0.0,0.0
34620,19995.692,20890.692,9083.077,9104.538,69.647,68.764,-0.883,6,0.0,0.0,0.0
34660,6555.615,6862.0,2781.846,2659.846,72.066,70.208,-1.858,2,0.0,0.0,0.0
34700,7794.308,7436.154,1093.923,998.769,88.159,87.692,-0.467,2,0.0,0.0,0.0
34820,111642.692,107334.769,62183.769,61512.462,63.569,64.227,0.657,32,0.0,0.0,0.0
34860,8151.692,7725.923,2362.154,2342.154,76.737,77.533,0.796,2,0.0,0.0,0.0
34900,27059.538,30225.077,1596.385,1587.615,95.009,94.429,-0.58,13,3.0,23.077,0.0
34940,34751.308,33590.538,18609.846,18730.462,64.201,65.125,0.924,16,1.0,6.25,80.0
34980,347035.385,331061.692,129552.615,126782.923,72.309,72.817,0.508,94,2.0,2.128,0.0
35100,9838.0,9338.462,8751.385,8523.385,52.282,52.923,0.641,5,0.0,0.0,0.0
35140,4539.923,4570.154,3479.846,2973.615,60.582,56.609,-3.973,1,0.0,0.0,0.0
35300,82995.231,77600.077,174344.615,171843.615,31.109,32.251,1.142,29,0.0,0.0,0.0
35380,140934.077,140819.538,9555.923,9497.538,93.682,93.65,-0.032,42,3.0,7.143,0.0
35620,1952165.462,1974470.769,2084220.692,2048368.308,49.082,48.364,-0.717,830,70.0,8.434,4.989
35660,16676.308,16987.077,8580.385,8550.846,66.517,66.027,-0.49,5,0.0,0.0,0.0
35700,6085.385,5313.308,2232.308,2298.692,69.802,73.162,3.36,2,0.0,0.0,0.0
35820,3463.154,3475.538,4478.769,4517.385,43.483,43.606,0.123,1,0.0,0.0,0.0
35840,155808.385,147174.0,51138.538,53662.615,73.28,75.289,2.009,41,3.0,7.317,0.0
35980,39011.692,38667.077,58711.154,58574.462,39.764,39.921,0.157,14,1.0,7.143,0.0
36100,30217.538,28543.846,41394.077,41061.231,41.008,42.196,1.188,8,0.0,0.0,0.0
36140,12123.615,12817.077,17675.308,18679.462,40.694,40.685,-0.009,6,0.0,0.0,0.0
36220,40719.385,41483.154,2998.538,3002.0,93.252,93.141,-0.111,9,1.0,11.111,0.0
36260,64672.231,62284.385,1776.0,1752.846,97.263,97.327,0.064,30,1.0,3.333,0.0
36420,272948.077,268773.385,34345.846,35195.462,88.421,88.823,0.402,68,4.0,5.882,0.0
36460,6882.308,7008.769,4524.538,4434.308,61.249,60.335,-0.914,1,0.0,0.0,0.0
36540,372466.846,360007.462,27722.385,27430.308,92.92,93.073,0.153,68,5.0,7.353,0.0
36580,2079.0,2360.154,26606.308,26608.231,8.147,7.248,-0.9,2,0.0,0.0,0.0
36740,589899.615,561375.385,194088.462,193752.923,74.342,75.243,0.902,157,8.0,5.096,31.818
36780,39531.385,36573.231,4229.692,4180.077,89.743,90.335,0.592,6,0.0,0.0,0.0
36860,28714.769,27939.154,11128.308,11120.154,71.53,72.07,0.54,5,0.0,0.0,0.0
36980,21461.538,21285.846,5225.923,5352.308,79.907,80.418,0.511,3,0.0,0.0,0.0
37060,18388.308,20419.077,1718.462,1763.923,92.048,91.453,-0.595,4,0.0,0.0,0.0
37100,229462.846,226389.231,2027.308,1959.308,99.142,99.124,-0.018,77,3.0,3.896,0.0
37120,1923.923,1483.154,2065.308,1867.615,44.263,48.228,3.965,1,0.0,0.0,
37140,4584.462,4773.385,3078.308,3134.154,60.365,59.828,-0.537,1,0.0,0.0,0.0
37340,110486.462,105874.538,47560.385,47529.923,69.017,69.907,0.891,25,0.0,0.0,0.0
37460,32680.846,28153.385,14814.538,15159.0,65.001,68.808,3.808,9,0.0,0.0,0.0
37540,4529.538,975.846,2429.846,2376.385,29.11,65.085,35.975,1,0.0,0.0,
37580,4113.0,3728.615,580.231,578.231,86.574,87.637,1.063,1,0.0,0.0,0.0
37620,6552.692,6305.308,10575.308,10418.615,37.702,38.257,0.555,2,0.0,0.0,0.0
37740,24130.692,24140.923,716.231,710.154,97.142,97.117,-0.025,4,0.0,0.0,0.0
37780,3036.0,3042.538,2312.385,2232.154,57.682,56.765,-0.917,1,0.0,0.0,0.0
37860,98762.154,98738.846,13679.769,13454.077,88.008,87.834,-0.174,18,0.0,0.0,0.0
37900,75788.769,83645.615,23489.077,23407.154,78.135,76.34,-1.795,16,3.0,18.75,0.0
37980,506126.0,505264.231,627737.385,592336.846,46.034,44.637,-1.396,246,13.0,5.285,62.016
38060,1507601.0,1507358.0,116774.692,115788.769,92.866,92.811,-0.055,429,20.0,4.662,34.375
38240,17657.769,11577.385,3358.231,3419.462,77.199,84.021,6.822,5,0.0,0.0,0.0
38300,362875.923,344073.769,139501.846,138334.769,71.324,72.232,0.908,119,5.0,4.202,43.333
38340,13043.077,11915.308,12572.462,12465.538,48.872,50.919,2.047,4,0.0,0.0,0.0
38420,5086.615,4876.615,3076.0,2995.308,61.949,62.316,0.367,1,0.0,0.0,0.0
38460,14497.077,13605.769,9852.538,9793.0,58.147,59.537,1.39,3,0.0,0.0,0.0
38620,2354.692,2399.615,3157.846,3563.538,40.241,42.715,2.474,1,0.0,0.0,0.0
38740,6819.615,6469.0,4132.923,4102.154,61.195,62.265,1.07,1,0.0,0.0,0.0
38860,41842.308,38708.0,101061.231,99936.615,27.919,29.28,1.361,22,1.0,4.545,0.0
38940,38898.077,35094.846,64764.231,64963.538,35.074,37.524,2.449,12,0.0,0.0,66.667
39140,61605.0,61482.462,2409.231,2274.0,96.433,96.236,-0.197,17,0.0,0.0,0.0
39300,117491.538,115168.615,429598.0,429333.769,21.151,21.476,0.325,53,2.0,3.774,0.0
39380,38948.385,35085.538,2503.0,2398.615,93.601,93.962,0.361,8,0.0,0.0,0.0
39460,20407.308,19754.538,13946.538,14099.0,58.353,59.403,1.05,6,0.0,0.0,0.0
39500,51142.231,48669.308,1359.308,1340.0,97.32,97.411,0.09,4,0.0,0.0,0.0
39540,13111.615,12859.154,4301.231,4159.154,75.561,75.299,-0.262,5,0.0,0.0,80.0
39580,232524.231,235047.462,47952.0,46909.0,83.363,82.903,-0.46,89,2.0,2.247,0.0
39740,35229.615,34963.154,41874.0,41052.615,45.995,45.691,-0.303,14,0.0,0.0,0.0
39900,122772.846,110388.385,4342.769,4303.462,96.248,96.584,0.336,43,1.0,2.326,0.0
40060,220044.462,222622.846,38776.462,36253.077,85.996,85.018,-0.978,86,10.0,11.628,0.0
40080,20611.0,21083.923,5467.538,5622.538,78.947,79.034,0.087,5,0.0,0.0,0.0
40140,1261098.385,1216801.615,27684.462,27598.462,97.782,97.852,0.07,337,14.0,4.154,0.0
40220,52215.462,51448.692,7651.308,7180.769,87.752,87.219,-0.533,18,1.0,5.556,0.0
40260,2881.923,2795.308,1195.308,1318.692,67.946,70.683,2.737,1,0.0,0.0,0.0
40300,935.538,924.769,1326.769,1354.462,40.574,41.353,0.78,1,0.0,0.0,0.0
40340,48997.308,43195.462,1516.923,1551.846,96.532,96.997,0.465,9,1.0,11.111,0.0
40380,113608.538,111105.923,126738.846,126419.615,46.776,47.268,0.492,38,1.0,2.632,0.0
40420,57557.538,52952.769,9685.923,9619.231,84.627,85.596,0.969,15,0.0,0.0,0.0
40460,4699.385,4872.077,3609.923,3613.154,57.418,56.556,-0.863,1,0.0,0.0,0.0
40580,9969.385,9722.692,9120.923,9085.692,51.693,52.222,0.529,3,0.0,0.0,0.0
40620,8562.077,8367.0,3948.077,3945.154,67.957,68.441,0.484,1,0.0,0.0,0.0
40660,11383.385,11785.923,11221.462,10989.385,51.749,50.358,-1.391,3,0.0,0.0,0.0
40740,5096.615,4874.077,2094.0,2170.462,69.189,70.879,1.689,2,0.0,0.0,0.0
40860,3211.923,4396.308,7839.077,7713.308,36.304,29.065,-7.24,2,1.0,50.0,0.0
40900,608395.923,610102.769,4896.231,4821.769,99.216,99.202,-0.014,211,14.0,6.635,0.0
40980,32756.846,31255.692,4707.538,4803.846,86.678,87.435,0.757,7,0.0,0.0,0.0
41060,15882.385,16665.385,1425.462,1411.308,92.193,91.764,-0.429,6,0.0,0.0,0.0
41140,48727.308,47432.231,12509.308,12420.154,79.249,79.572,0.323,5,0.0,0.0,0.0
41180,425706.538,415286.769,39229.923,38651.154,91.485,91.562,0.077,114,2.0,1.754,0.0
41220,4581.846,4690.769,3306.077,3314.769,58.594,58.087,-0.507,1,0.0,0.0,0.0
41400,3718.154,3844.923,26437.462,26227.692,12.785,12.33,-0.456,2,0.0,0.0,0.0
41540,51292.077,52809.923,58714.154,58263.846,47.545,46.627,-0.918,18,1.0,5.556,0.0
41660,18697.769,18617.846,337.462,300.692,98.411,98.227,-0.183,6,0.0,0.0,0.0
41700,367871.692,388054.077,55178.769,54944.385,87.597,86.957,-0.64,112,3.0,2.679,0.0
41740,837134.538,846580.615,27150.231,27459.154,96.858,96.859,0.0,308,22.0,7.143,0.0
41780,15257.615,15541.308,11629.923,11479.923,57.515,56.746,-0.769,6,0.0,0.0,0.0
41820,8049.692,7952.077,5543.615,5412.923,59.499,59.218,-0.281,2,0.0,0.0,0.0
41860,710222.769,718521.692,9784.692,9757.154,98.66,98.641,-0.019,348,36.0,10.345,21.354
41940,414771.692,423194.846,6459.692,6454.692,98.498,98.466,-0.031,168,15.0,8.929,0.0
42140,43449.385,40994.846,969.462,968.308,97.692,97.817,0.125,14,1.0,7.143,0.0
42200,92719.0,83630.0,935.077,927.692,98.903,99.002,0.099,34,2.0,5.882,52.381
42220,139459.615,136686.615,2259.308,2292.846,98.35,98.406,0.056,53,5.0,9.434,0.0
42340,87042.308,84522.385,11703.615,12084.846,87.491,88.148,0.657,23,2.0,8.696,0.0
42460,757.077,832.154,5434.692,4890.462,14.541,12.227,-2.314,1,0.0,0.0,0.0
42540,46024.615,43281.308,93433.769,92235.0,31.938,33.002,1.064,13,0.0,0.0,0.0
42680,10887.692,8822.077,19405.615,19872.692,30.745,35.941,5.196,3,0.0,0.0,0.0
42700,7783.846,7942.769,13622.462,13482.077,37.073,36.362,-0.71,1,0.0,0.0,0.0
42780,10471.846,16687.769,1237.231,1227.077,93.151,89.434,-3.717,3,1.0,33.333,0.0
42860,19122.0,18916.769,1089.077,1255.077,93.778,94.611,0.833,4,0.0,0.0,0.0
42900,560.769,536.538,6464.846,6256.231,7.899,7.982,0.083,1,0.0,0.0,
42940,65214.846,61076.0,17146.846,16610.308,78.619,79.181,0.562,11,0.0,0.0,0.0
42980,5971.0,5869.462,1553.308,2162.462,73.077,79.356,6.279,1,0.0,0.0,0.0
43100,11883.846,11353.231,2981.538,3041.923,78.868,79.943,1.075,5,0.0,0.0,0.0
43140,19953.308,19628.538,2534.385,2463.692,88.848,88.73,-0.118,6,0.0,0.0,0.0
43340,92237.231,89874.846,6491.308,6521.231,93.235,93.425,0.19,15,0.0,0.0,0.0
43420,52437.308,48141.923,6753.538,6246.385,88.515,88.59,0.075,7,0.0,0.0,
43700,7912.077,7407.538,6383.615,6411.769,53.603,55.346,1.743,2,0.0,0.0,0.0
43740,2563.077,2404.769,3810.308,3206.538,42.856,40.215,-2.64,1,0.0,0.0,0.0
43780,83882.308,81906.077,6797.615,6681.692,92.458,92.504,0.046,21,0.0,0.0,0.0
43900,105367.538,102987.385,8751.308,8953.077,92.002,92.331,0.329,21,0.0,0.0,0.0
44100,62270.692,63697.308,4744.692,4659.769,93.183,92.92,-0.263,10,1.0,10.0,0.0
44140,40743.923,38492.154,99454.231,99097.231,27.976,29.062,1.086,23,1.0,4.348,0.0
44180,89562.692,86515.615,10949.308,10417.0,89.253,89.106,-0.147,21,0.0,0.0,0.0
44220,5368.308,5179.769,2684.077,2514.692,67.318,66.667,-0.651,2,0.0,0.0,0.0
44300,20484.308,18112.385,18863.231,18773.231,49.104,52.06,2.956,8,0.0,0.0,0.0
44340,18693.077,21041.385,8154.692,8316.923,71.671,69.626,-2.045,3,0.0,0.0,0.0
44420,23713.077,23120.923,6384.538,6277.615,78.647,78.787,0.141,6,0.0,0.0,40.0
44500,11006.231,10824.385,964.462,1027.077,91.334,91.943,0.609,2,0.0,0.0,0.0
44580,3558.462,3503.923,2479.769,2400.846,59.341,58.932,-0.408,1,0.0,0.0,0.0
44620,12046.0,11386.385,4763.385,4536.077,71.511,71.662,0.151,4,0.0,0.0,100.0
44700,240145.692,228568.538,8142.154,7811.231,96.695,96.721,0.025,54,1.0,1.852,0.0
44940,12020.385,11991.154,2056.385,2063.538,85.318,85.392,0.074,2,0.0,0.0,0.0
45060,59010.615,56551.077,97984.308,97573.923,36.692,37.588,0.896,20,0.0,0.0,0.0
45220,50493.385,59461.846,23742.077,23258.615,71.883,68.018,-3.865,21,1.0,4.762,0.0
45300,437271.769,449288.538,276958.077,276041.923,61.943,61.223,-0.72,140,8.0,5.714,41.86
45460,21979.923,22140.923,6601.923,6414.0,77.538,76.902,-0.636,5,0.0,0.0,0.0
45500,22268.308,22141.077,1121.154,1131.308,95.139,95.207,0.068,4,0.0,0.0,0.0
45540,5875.615,5853.077,15942.538,15766.538,27.073,26.93,-0.143,4,0.0,0.0,0.0
45580,3494.385,3399.692,4846.077,4960.846,40.664,41.897,1.233,1,0.0,0.0,
45620,1151.077,1150.769,4725.923,4845.692,19.191,19.586,0.395,1,0.0,0.0,0.0
45740,4418.692,4183.692,3029.0,2999.385,58.244,59.33,1.086,2,0.0,0.0,0.0
45780,115003.923,113935.615,18231.0,18035.538,86.334,86.317,-0.017,26,0.0,0.0,0.0
45820,44785.0,42135.231,3053.846,3049.077,93.252,93.616,0.364,7,0.0,0.0,0.0
45860,8041.154,8096.385,25516.692,24850.231,24.574,23.962,-0.612,5,0.0,0.0,0.0
45900,13790.0,12436.538,1104.308,1443.231,89.602,92.586,2.984,6,0.0,0.0,0.0
45940,25500.615,24876.462,40728.538,40043.308,38.319,38.504,0.185,15,1.0,6.667,0.0
45980,5872.462,5969.692,1760.0,1703.538,77.799,76.941,-0.858,1,0.0,0.0,0.0
46060,268495.692,281490.769,24007.077,23423.385,92.318,91.793,-0.526,95,13.0,13.684,0.0
46100,12201.385,12655.769,4667.615,4659.0,73.092,72.33,-0.762,3,0.0,0.0,0.0
46140,106846.385,118828.692,11143.385,11103.462,91.454,90.556,-0.899,38,3.0,7.895,54.167
46180,13890.615,14366.462,2936.462,2921.154,83.103,82.549,-0.553,2,0.0,0.0,0.0
46220,34581.231,25278.385,5865.385,5862.231,81.175,85.498,4.323,6,0.0,0.0,0.0
46340,61597.769,63808.615,2540.385,2553.077,96.153,96.039,-0.114,14,1.0,7.143,0.0
46500,3875.231,4108.538,1937.385,2021.769,67.02,66.669,-0.351,1,0.0,0.0,0.0
46520,188551.462,179814.308,11533.923,11689.462,93.896,94.235,0.34,74,0.0,0.0,0.0
46540,26512.308,25844.538,49080.385,48654.0,34.691,35.073,0.381,6,0.0,0.0,0.0
46660,10089.077,9641.154,10786.308,11348.308,45.933,48.33,2.397,3,0.0,0.0,0.0
46700,77167.846,83247.385,1123.077,1115.154,98.678,98.566,-0.113,36,3.0,8.333,0.0
47020,19307.615,17555.154,1265.538,1189.692,93.653,93.849,0.195,3,0.0,0.0,0.0
47080,1271.538,1377.231,1486.769,1498.154,47.897,46.098,-1.799,1,0.0,0.0,0.0
47220,11315.615,10704.846,14872.154,14647.0,42.225,43.21,0.984,3,0.0,0.0,0.0
47260,315268.462,310283.462,62958.308,61231.154,83.519,83.354,-0.164,111,2.0,1.802,0.0
47300,89945.462,85733.846,1026.615,1021.308,98.823,98.872,0.049,34,1.0,2.941,0.0
47380,60794.846,58819.769,3619.538,3672.0,94.124,94.381,0.257,13,0.0,0.0,0.0
47540,6557.923,6049.615,2113.615,2064.692,74.555,75.626,1.071,2,0.0,0.0,0.0
47580,61592.923,59696.615,20349.538,19841.846,75.054,75.166,0.112,8,0.0,0.0,0.0
47700,20373.385,19300.308,1260.077,1164.308,94.311,94.175,-0.135,3,0.0,0.0,0.0
47900,751044.538,783603.385,206764.846,197784.769,79.846,78.413,-1.434,435,39.0,8.966,35.349
47940,55839.538,53130.615,3263.308,3216.615,94.291,94.479,0.187,8,0.0,0.0,0.0
48020,2664.077,2511.308,3595.769,3602.231,41.078,42.558,1.48,1,0.0,0.0,0.0
48060,11496.538,10902.538,16322.385,16284.308,40.102,41.326,1.224,3,0.0,0.0,0.0
48140,14925.0,20728.846,5706.0,5488.308,79.066,72.343,-6.723,6,1.0,16.667,0.0
48180,8262.846,8451.846,2116.538,2090.385,80.171,79.608,-0.563,2,0.0,0.0,0.0
48260,10068.154,7849.0,9894.0,9997.231,43.981,50.436,6.455,4,0.0,0.0,
48540,23923.385,23303.846,3887.0,3793.308,86.001,86.023,0.022,5,0.0,0.0,0.0
48580,15409.769,15131.462,5831.308,5863.231,72.073,72.547,0.474,7,0.0,0.0,0.0
48620,144379.615,144168.538,13537.615,13263.846,91.575,91.427,-0.147,33,2.0,6.061,0.0
48660,74741.615,69264.769,1206.231,1188.462,98.313,98.412,0.099,7,0.0,0.0,0.0
48700,9083.692,8556.692,19060.462,18980.923,31.073,32.276,1.203,3,0.0,0.0,0.0
48900,51469.462,49056.769,16517.462,15680.615,75.778,75.705,-0.073,19,0.0,0.0,0.0
48980,9584.692,9222.0,2716.538,2688.538,77.427,77.917,0.489,3,0.0,0.0,0.0
49020,17887.923,17601.231,16029.769,15392.0,53.348,52.739,-0.609,8,0.0,0.0,0.0
49180,67049.231,60411.077,20715.385,20958.154,74.243,76.397,2.154,24,1.0,4.167,0.0
49220,18335.923,17604.154,3695.846,3712.231,82.585,83.225,0.64,3,0.0,0.0,0.0
49300,4743.462,4427.231,6131.308,6169.846,41.778,43.619,1.841,1,0.0,0.0,0.0
49340,57119.077,54828.846,205540.385,203669.538,21.211,21.746,0.536,28,1.0,3.571,0.0
49620,67590.923,78775.0,32840.769,32229.077,70.966,67.3,-3.665,18,2.0,11.111,10.0
49660,82355.308,83607.385,99285.077,96318.385,46.468,45.34,-1.128,13,0.0,0.0,0.0
49700,25341.462,24149.923,2019.923,2049.385,92.178,92.618,0.44,8,0.0,0.0,0.0
49740,44269.308,42240.0,6437.538,6358.231,86.917,87.304,0.388,12,0.0,0.0,0.0
49780,4279.077,11304.462,3448.538,3197.308,77.952,55.374,-22.578,3,1.0,33.333,0.0
