week,starbucks_visits,dunkin_visits,starbucks_locations,dunkin_locations,starbucks_share_pct,sb_visits_per_location,dk_visits_per_location,share_yoy_pp
2024-01-01,52968545.0,13535077.0,16560,9490,79.64760926855983,3198.5836352657007,1426.2462592202319,
2024-01-08,51848967.0,13694428.0,16562,9497,79.1063187984083,3130.598176548726,1441.9740970832895,
2024-01-15,51969304.0,13922206.0,16537,9483,78.87101691856812,3142.607728124811,1468.122535062744,
2024-01-22,52873171.0,14109979.0,16557,9481,78.9350321685379,3193.4028507579874,1488.2374222128467,
2024-01-29,53798323.0,13734563.0,16559,9475,79.66240773421116,3248.8871912555105,1449.5581002638523,
2024-02-05,55978223.0,14564396.0,16596,9490,79.35376343200413,3372.9948782839238,1534.7097997892517,
2024-02-12,56515050.0,15019885.0,16582,9569,79.00342678720544,3408.2167410445063,1569.6399832793395,
2024-02-19,56787072.0,15299225.0,16604,9569,78.77651421046083,3420.0838352204287,1598.8321663705717,
2024-02-26,56792727.0,15481598.0,16606,9572,78.57939454986263,3420.0124653739613,1617.3838278311744,
2024-03-04,57303809.0,15321182.0,16654,9570,78.90370547515799,3440.8435811216523,1600.9594566353187,
2024-03-11,58640895.0,15650303.0,16656,9583,78.93383951083949,3520.706952449568,1633.1319002400082,
2024-03-18,57289087.0,15732343.0,16636,9584,78.45516994120767,3443.681594133205,1641.521598497496,
2024-03-25,57556057.0,15635813.0,16665,9583,78.63722705814185,3453.7087908790877,1631.6198476468746,
2024-04-01,57927679.0,15700898.0,16723,9579,78.67553789610793,3463.952580278658,1639.0957302432405,
2024-04-08,58524650.0,15925337.0,16723,9582,78.60934885052431,3499.650182383544,1662.0055312043414,
2024-04-15,57291479.0,15853492.0,16714,9588,78.32593029533089,3427.753918870408,1653.4722569879016,
2024-04-22,56522442.0,15819817.0,16713,9588,78.13198368604995,3381.944713695925,1649.9600542344597,
2024-04-29,56793760.0,15828921.0,16707,9586,78.20388784600227,3399.3990542886218,1651.2540162737325,
2024-05-06,59675518.0,15718736.0,16777,9586,79.15128121036916,3556.9838469333017,1639.7596494888378,
2024-05-13,55351366.0,15711885.0,16757,9586,77.89028115249047,3303.1787312764814,1639.0449614020447,
2024-05-20,56285353.0,15795233.0,16756,9546,78.08670284672769,3359.1163165433277,1654.644144144144,
2024-05-27,56475179.0,15939515.0,16757,9547,77.98856265276768,3370.2440174255535,1669.583638839426,
2024-06-03,58164902.0,16310751.0,16747,9544,78.09921720323821,3473.153520033439,1709.0057627829003,
2024-06-10,56029205.0,16294463.0,16811,9546,77.47008213134323,3332.889477128071,1706.9414414414414,
2024-06-17,54088283.0,15738394.0,16802,9547,77.46077190527053,3219.157421735508,1648.5172305436263,
2024-06-24,54203566.0,15817228.0,16814,9547,77.41067032173328,3223.7163078387057,1656.7746936210328,
2024-07-01,55345145.0,15456418.0,16837,9547,78.16938306856305,3287.114390924749,1618.98166963444,
2024-07-08,55770620.0,15525043.0,16833,9546,78.22442158929078,3313.171745975168,1626.3401424680494,
2024-07-15,54058814.0,15523920.0,16808,9546,77.68998269024611,3216.254997620181,1626.2225015713389,
2024-07-22,54285667.0,15703607.0,16809,9545,77.56283769995957,3229.5595811767507,1645.2181246726034,
2024-07-29,54070495.0,15393856.0,16806,9545,77.83919985087027,3217.3327978103057,1612.7664745940283,
2024-08-05,56556935.0,15668042.0,16823,9546,78.30661545243552,3361.881650121857,1641.320134087576,
2024-08-12,56000437.0,15792433.0,16823,9545,78.00278356332599,3328.8020567080785,1654.524148768989,
2024-08-19,57564232.0,15802950.0,16824,9546,78.46046478928413,3421.554446029482,1655.4525455688247,
2024-08-26,55794429.0,15204715.0,16813,9547,78.58465026000877,3318.5290548979956,1592.617052477218,
2024-09-02,55358239.0,15085870.0,16812,9542,78.58462515297056,3292.781287175827,1580.9966464053657,
2024-09-09,52951668.0,14950367.0,16808,9546,77.98244632874405,3150.3848167539268,1566.1394301278021,
2024-09-16,52393660.0,14788568.0,16817,9544,77.98738082934672,3115.5176309686626,1549.514668901928,
2024-09-23,51463098.0,14783937.0,16820,9550,77.68362463316282,3059.6372175980973,1548.0562303664922,
2024-09-30,52665295.0,15119184.0,16812,9550,77.6952124984246,3132.6014156554843,1583.1606282722514,
2024-10-07,52627457.0,15268464.0,16803,9549,77.51195686704065,3132.02743557698,1598.9594721960414,
2024-10-14,54686092.0,15784333.0,16923,9550,77.6014789182838,3231.4655793889974,1652.8097382198953,
2024-10-21,54174524.0,15500536.0,16921,9546,77.75310706585685,3201.6147981797767,1623.772889168238,
2024-10-28,53475775.0,15119749.0,16912,9546,77.95811137764616,3162.0018330179755,1583.883197150639,
2024-11-04,55840917.0,14915072.0,16915,9546,78.92041053938205,3301.2661543009162,1562.4420699769537,
2024-11-11,56280570.0,14831634.0,16941,9541,79.14333522836671,3322.151584912343,1554.5156692170633,
2024-11-18,59647177.0,15214327.0,16943,9542,79.67670139248071,3520.4613704774833,1594.4589184657304,
2024-11-25,56475621.0,13950474.0,16922,9531,80.19132822854938,3337.4081668833473,1463.6946805162102,
2024-12-02,54549251.0,14104162.0,16919,9518,79.45599295988387,3224.1415568295997,1481.8409329691112,
2024-12-09,54811115.0,14101258.0,16947,9525,79.53740760022878,3234.26653685018,1480.447034120735,
2024-12-16,56807533.0,13636769.0,16920,9522,80.64177142389742,3357.4192080378252,1432.1328502415458,
2024-12-23,54375833.0,13159832.0,16907,9533,80.51424828644242,3216.1727686756963,1380.4502255323612,
2024-12-30,56107557.0,14097697.0,16979,9536,79.91931344625574,3304.5265916720655,1478.3658766778524,0.27170417769590927
2025-01-06,52323409.0,13951893.0,16994,9537,78.94857876317184,3078.934270919148,1462.9226171752123,-0.15774003523645774
2025-01-13,52246316.0,14094469.0,16988,9539,78.75444343928098,3075.483635507417,1477.5625327602474,-0.11657347928714046
2025-01-20,52191248.0,13964885.0,17021,9539,78.89101982426935,3066.2856471417663,1463.977880280952,-0.04401234426855183
2025-01-27,53447601.0,13417843.0,17006,9535,79.93306826766903,3142.867282135717,1407.2200314630309,0.2706605334578711
2025-02-03,54249479.0,14292204.0,17011,9546,79.14815718779477,3189.0822996884367,1497.1929604022628,-0.20560624420936335
2025-02-10,57049577.0,14555307.0,16997,9546,79.67274550713607,3356.4497852562217,1524.754556882464,0.6693187199306294
2025-02-17,55638825.0,14854760.0,17017,9543,78.92750099175692,3269.602456367162,1556.613224352929,0.15098678129608345
2025-02-24,57424979.0,15488072.0,17010,9549,78.75816223902083,3375.9540858318637,1621.9574824588963,0.17876768915820662
2025-03-03,56843217.0,15304770.0,17009,9549,78.78697571977996,3341.9493797401374,1602.7615457115928,-0.11672975537803154
2025-03-10,57273139.0,15446030.0,17023,9547,78.75934198312964,3364.4562650531634,1617.8935791348067,-0.17449752770984617
2025-03-17,57590554.0,15710815.0,17025,9546,78.56681912721166,3382.705080763583,1645.8008589985334,0.11164918600398721
2025-03-24,56545955.0,15346907.0,17023,9546,78.65308658876314,3321.738530223815,1607.6793421328305,0.015859530621298745
2025-03-31,56693461.0,15457153.0,17012,9547,78.57654683299022,3332.55707735716,1619.0586571697916,-0.09899106311770822
2025-04-07,58279760.0,16071770.0,17050,9547,78.38407629271381,3418.1677419354837,1683.436681680109,-0.2252725578104986
2025-04-14,56558778.0,15814298.0,17048,9547,78.14892101587613,3317.619544814641,1656.4677909290876,-0.17700927945476508
2025-04-21,55840760.0,15635663.0,17050,9547,78.12472652695561,3275.1178885630497,1637.7566774903112,-0.007257159094336885
2025-04-28,56446386.0,15807345.0,17046,9549,78.12245155893748,3311.4153467089054,1655.392711278668,-0.08143628706478978
2025-05-05,58838529.0,15984886.0,17027,9549,78.63651906291634,3455.6016327010043,1673.9853387789296,-0.5147621474528279
2025-05-12,56079366.0,15867718.0,17083,9549,77.94529379397781,3282.758648949248,1661.7151534192062,0.05501264148733753
2025-05-19,56896276.0,15974145.0,17081,9547,78.07869807696048,3330.968678648791,1673.2109563213576,-0.008004769767211428
2025-05-26,56855334.0,16054205.0,17073,9546,77.98065216130361,3330.1314356000703,1681.7729939241567,-0.007910491464073743
2025-06-02,57567751.0,16179778.0,17104,9548,78.06058288407195,3365.7478367633303,1694.5724759111856,-0.03863431916626325
2025-06-09,55575261.0,15972955.0,17100,9548,77.67525747951564,3250.015263157895,1672.9110808546293,0.20517534817240346
2025-06-16,54055129.0,15831971.0,17089,9546,77.346361488744,3163.1534320323017,1658.4926670856903,-0.11441041652653894
2025-06-23,53950486.0,15906213.0,17077,9545,77.23022526443742,3159.248462844762,1666.444525929806,-0.1804450572958558
2025-06-30,55324318.0,15570301.0,17075,9547,78.03740083573904,3240.077188872621,1630.9103383261759,-0.131982232824015
2025-07-07,55159018.0,15404238.0,17079,9546,78.16960430510747,3229.6397915568828,1613.6851037083595,-0.054817284183314996
2025-07-14,53559100.0,15398274.0,17052,9546,77.66986602477061,3140.927750410509,1613.0603394091765,-0.020116665475498507
2025-07-21,53875598.0,15640032.0,17091,9545,77.5014165878954,3152.2788602188284,1638.5575694080671,-0.061421112064167005
2025-07-28,55538725.0,15684480.0,17085,9546,77.9784130747837,3250.730172666081,1643.0421118793213,0.13921322391342983
2025-08-04,55569310.0,15518660.0,17080,9542,78.16978034398788,3253.472482435597,1626.3529658352547,-0.13683510844764157
2025-08-11,55188417.0,15480824.0,17058,9548,78.09397160498725,3235.339254308829,1621.3682446585672,0.09118804166125472
2025-08-18,55279981.0,15565554.0,17096,9547,78.02888495372362,3233.5038020589614,1630.4131140672462,-0.4315798355605125
2025-08-25,56825787.0,15407927.0,17100,9548,78.66934129954885,3323.145438596491,1613.733452031839,0.08469103954007551
2025-09-01,55862139.0,15100860.0,17066,9544,78.72009327001527,3273.3000703152466,1582.2359597652976,0.1354681170447094
2025-09-08,53573541.0,15011904.0,17098,9544,78.11211402069345,3133.322084454322,1572.9153394803018,0.12966769194940753
2025-09-15,53370930.0,14839438.0,17095,9547,78.24460058623346,3122.019888856391,1554.3561328165915,0.2572197568867409
2025-09-22,53504203.0,15030374.0,17100,9547,78.06891840887849,3128.900760233918,1574.3557138368074,0.3852937757156667
2025-09-29,54001905.0,15359522.0,17093,9550,77.85581602869848,3159.2994208155387,1608.3269109947644,0.16060353027388885
2025-10-06,54151698.0,15342665.0,17167,9548,77.92243235613225,3154.4065940467176,1606.8983033095935,0.4104754890915956
2025-10-13,53879772.0,15577751.0,16696,9551,77.57226240273498,3227.1066123622422,1631.0073290754895,-0.029216515548824873
2025-10-20,53327337.0,15199436.0,16701,9545,77.81971142869955,3193.0625112268726,1592.3976951283394,0.06660436284269622
2025-10-27,53930432.0,15204494.0,16708,9549,78.00750665445132,3227.820924108212,1592.2603413970048,0.049395276805157096
2025-11-03,57185892.0,15186717.0,16692,9545,79.01593267143375,3425.946081955428,1591.0651650078576,0.09552213205169835
2025-11-10,56698515.0,14978965.0,16693,9542,79.10227173165129,3396.54435991134,1569.7930203311676,-0.04106349671542375
2025-11-17,58353881.0,15023609.0,16696,9543,79.52558884202772,3495.0815165309054,1574.306716965315,-0.15111255045299288
2025-11-24,57053209.0,14120943.0,16698,9537,80.16001230334294,3416.7690142532037,1480.648317080843,-0.03131592520644233
2025-12-01,54558770.0,13912646.0,16687,9517,79.68108911315636,3269.5373644154133,1461.87306924451,0.22509615327248866
2025-12-08,55748868.0,14100800.0,16697,9525,79.81264563777168,3338.8553632389053,1480.3989501312335,0.27523803754290554
2025-12-15,58019299.0,13687901.0,16689,9521,80.91139941316911,3476.499430762778,1437.6537128452894,0.2696279892716831
2025-12-22,55457230.0,13298772.0,16678,9536,80.65802022636511,3325.1726825758483,1394.585989932886,0.14377193992268644
2025-12-29,56979216.0,14418003.0,16719,9538,79.8059319369288,3408.0516777319217,1511.637974418117,-0.11338150932694191
2026-01-05,54104777.0,14046211.0,16723,9540,79.3895709919862,3235.351133169886,1472.3491614255765,0.44099222881436617
2026-01-12,53402369.0,14177023.0,16730,9540,79.02167720005531,3192.012492528392,1486.0611111111111,0.2672337607743316
2026-01-19,50884848.0,13935984.0,16729,9542,78.50076345826601,3041.7148663996654,1460.4887864179418,-0.39025636600334224
2026-01-26,52431983.0,13255941.0,16735,9536,79.81982045893245,3133.0733791455036,1390.0944840604027,-0.11324780873657403
2026-02-02,55569672.0,14392484.0,16732,9542,79.4281868614798,3321.1613674396367,1508.3299098721443,0.2800296736850356
2026-02-09,59391177.0,14902678.0,16759,9544,79.94090089954277,3543.8377588161584,1561.470871751886,0.2681553924066975
2026-02-16,56666250.0,15026007.0,16761,9546,79.04096254076643,3380.8394487202436,1574.0631678189818,0.11346154900951433
2026-02-23,57487646.0,15421574.0,16762,9549,78.84825266269479,3429.6412122658394,1614.9936118965336,0.09009042367395637
2026-03-02,57735835.0,15303186.0,16730,9546,79.04793110521018,3451.036162582188,1603.0993086109365,0.260955385430222
2026-03-09,58066059.0,15489008.0,16731,9548,78.94229638863628,3470.56715079792,1622.22538751571,0.182954405506635
2026-03-16,59054762.0,15977454.0,16727,9547,78.70587482049044,3530.5052908471334,1673.557557347858,0.13905569327877743
2026-03-23,58710434.0,15998029.0,16724,9548,78.58605523714228,3510.549748863908,1675.537180561374,-0.06703135162086937
2026-03-30,58282074.0,15685454.0,16730,9546,78.79413517780397,3483.686431560072,1643.144144144144,0.21758834481374834
2026-04-06,59109641.0,15977981.0,16729,9547,78.72088558084846,3533.363679837408,1673.6127579344297,0.3368092881346456
2026-04-13,57924519.0,15925608.0,16746,9548,78.43523275186784,3459.0062701540664,1667.95224130708,0.2863117359917169
2026-04-20,57350102.0,15914008.0,16744,9547,78.27857596304658,3425.1135929288102,1666.9119095003666,0.15384943609096524
2026-04-27,58040110.0,16225248.0,16746,9549,78.15233315107697,3465.908873760898,1699.1567703424441,0.029881592139489044
2026-05-04,56598139.0,16248900.0,16608,9550,77.69449489909947,3407.8840920038538,1701.455497382199,-0.9420241638168676
2026-05-11,57011611.0,16165597.0,16606,9548,77.90897269543271,3433.1934842827895,1693.0872434017595,-0.036321098545101904
2026-05-18,56965451.0,15943510.0,16603,9547,78.13230392900537,3431.033608384027,1670.002094898921,0.053605852044896096
2026-05-25,57991546.0,16343639.0,16601,9552,78.01358939242567,3493.2561893861816,1711.0174832495813,0.03293723112206237
2026-06-01,58711636.0,16480649.0,16536,9547,78.08199471528229,3550.5343492985003,1726.2646904786843,0.021411831210343735
2026-06-08,56190073.0,16190856.0,16521,9548,77.63104698476583,3401.130258458931,1695.7327188940092,-0.04421049474980521
2026-06-15,54896704.0,15934112.0,16533,9548,77.50398357686575,3320.432105485998,1668.8428990364475,0.15762208812175516
2026-06-22,55541642.0,16215615.0,16535,9547,77.40212533486334,3359.034895675839,1698.503718445585,0.17190007042592015
2026-06-29,56436131.0,15880742.0,16527,9547,78.0400598903108,3414.7837478066194,1663.427464124856,0.002659054571765296
2026-07-06,56493040.0,15727926.0,16525,9545,78.22249289769954,3418.6408472012104,1647.76595075956,0.05288859259206902
2026-07-13,55378130.0,15562775.0,16520,9547,78.06233935132347,3352.1870460048426,1630.1220278621556,0.39247332655286016
2026-07-20,55621783.0,15885406.0,16533,9547,77.78488258012771,3364.2885743664187,1663.9159945532629,0.2834659922323084
2026-07-27,56151790.0,15916101.0,16538,9549,77.91512866666238,3395.3192647236665,1666.7819666980836,-0.0632844081213193
2026-08-03,56643906.0,15785208.0,16514,9546,78.20599048056835,3430.053651447257,1653.5939660590823,0.03621013658046479
2026-08-10,57153486.0,15760838.0,16513,9547,78.3844419924952,3461.120692787501,1650.868126112915,0.29047038750795195
2026-08-17,56009244.0,15778253.0,16512,9549,78.02088990510423,3392.032703488372,1652.346109540266,-0.007995048619392264
2026-08-24,56474287.0,15521683.0,16514,9548,78.44090023372142,3419.7824270316096,1625.6475701717636,-0.2284410658274254
2026-08-31,55523519.0,15056878.0,16514,9546,78.66705396967376,3362.208974203706,1577.2970877854598,-0.05303930034150994
2026-09-07,53477279.0,15080420.0,16514,9547,78.00331659322464,3238.2995640062977,1579.5977794071437,-0.10879742746881504
2026-09-14,53533896.0,14842469.0,16510,9544,78.29298325525201,3242.513385826772,1555.1623009220452,0.04838266901855093
2026-09-21,53348530.0,15309443.0,16517,9548,77.7018715655937,3229.916449718472,1603.4188311688313,-0.36704684328478265
