close_month,closed_locations,share_still_in_locator
2024-01,21,0.09523809523809523
2024-02,12,0.25
2024-03,18,0.05555555555555555
2024-04,15,0.06666666666666667
2024-05,13,0.0
2024-06,20,0.1
2024-07,31,0.12903225806451613
2024-08,15,0.0
2024-09,17,0.0
2024-10,30,0.06666666666666667
2024-11,12,0.16666666666666666
2024-12,15,0.06666666666666667
2025-01,20,0.05
2025-02,39,0.05128205128205128
2025-03,21,0.09523809523809523
2025-04,13,0.15384615384615385
2025-05,28,0.07142857142857142
2025-06,49,0.061224489795918366
2025-07,32,0.21875
2025-08,29,0.034482758620689655
2025-09,22,0.13636363636363635
2025-10,481,0.035343035343035345
2025-11,27,0.1111111111111111
2025-12,11,0.0
2026-03,51,0.058823529411764705
2026-04,1,0.0
2026-05,157,0.07006369426751592
2026-06,97,0.29896907216494845
2026-08,26,0.15384615384615385
