group,event_week,gap_log,ci_low,ci_high,stores
ring A (< 1 km),-26,0.015216051108540405,-0.0006488158567629792,0.030254285935537632,411
ring A (< 1 km),-25,0.045880296687609054,0.02890165029939744,0.06362010095831865,411
ring A (< 1 km),-24,0.025073566310003195,0.009480915372592519,0.0394977973509913,411
ring A (< 1 km),-23,0.004179934407388318,-0.011530241204324568,0.018838252915815992,411
ring A (< 1 km),-22,0.008906223525876758,-0.0030606391933707074,0.02149201558189983,411
ring A (< 1 km),-21,-0.01891510363022959,-0.03348044900397713,-0.0027777103534161614,411
ring A (< 1 km),-20,-0.019087061034369166,-0.03509715942041093,-0.0025082441140664843,411
ring A (< 1 km),-19,-0.002009336582989744,-0.015958133029523223,0.012963096318101316,411
ring A (< 1 km),-18,-0.0004324996194319923,-0.014141012092235311,0.012923336127237436,411
ring A (< 1 km),-17,-0.022487525542074036,-0.03615647100956228,-0.009318413210524745,411
ring A (< 1 km),-16,0.004424698952765326,-0.007548265560475002,0.01721062283447856,411
ring A (< 1 km),-15,-0.0014771449499185853,-0.016232398083848014,0.0155121357621939,411
ring A (< 1 km),-14,0.0066966684721323794,-0.005966009022850304,0.020517432188108864,411
ring A (< 1 km),-13,-0.008466336936131831,-0.021940725337395026,0.00357349499817493,411
ring A (< 1 km),-12,0.001346198700203585,-0.011203738245624062,0.014742647180810755,411
ring A (< 1 km),-11,-0.005736682751665397,-0.018144935375415224,0.008459141969032535,411
ring A (< 1 km),-10,-0.017743651670727098,-0.031214327136346462,-0.005125684659309241,411
ring A (< 1 km),-9,-0.015727615667002218,-0.03397078440833291,0.002590428252295703,411
ring A (< 1 km),-8,0.0015710821817018189,-0.013226096815889092,0.016390616625774214,411
ring A (< 1 km),-7,0.001249259280028292,-0.014841004901271054,0.018660226655864275,411
ring A (< 1 km),-6,-0.022736449352641415,-0.03996467803030319,-0.006976606663810448,411
ring A (< 1 km),-5,-0.0007567849207194699,-0.023084769087140793,0.01890287209124732,411
ring A (< 1 km),-4,0.0007504157885412443,-0.01918262644741567,0.019256642917305302,411
ring A (< 1 km),-3,0.0008835011024432951,-0.01910894606840166,0.01913687029674048,411
ring A (< 1 km),-2,0.00675713843031208,-0.0127930671027251,0.0259149491080124,411
ring A (< 1 km),-1,0.012641157710354956,-0.0057796848626090955,0.03248288384261052,411
ring A (< 1 km),0,0.018381218009073177,-0.0023161484156182604,0.037147027064193594,411
ring A (< 1 km),1,0.01856695757887856,-0.0013357915836381888,0.036918525630607074,411
ring A (< 1 km),2,0.016905768499385986,-0.0041469408895534,0.0369151114598677,411
ring A (< 1 km),3,-0.0006293209416415033,-0.018702353610434895,0.019753482871677178,411
ring A (< 1 km),4,0.010993130852530997,-0.008323678547405327,0.030696886527517488,411
ring A (< 1 km),5,0.02060522566401035,0.0034937781179767793,0.042009690820961364,411
ring A (< 1 km),6,-0.06111453279013367,-0.07923994535063253,-0.042164147994087395,411
ring A (< 1 km),7,-0.006251836790932199,-0.02861225962604487,0.017930238370656156,411
ring A (< 1 km),8,0.01592764372056031,-0.0027373969807579254,0.03429479432724259,411
ring A (< 1 km),9,-0.07628862485339626,-0.10591797004548195,-0.046204955546868855,411
ring A (< 1 km),10,-0.12046148472081637,-0.16155142000782297,-0.0790427262080792,411
ring A (< 1 km),11,-0.05056644237944251,-0.07601526667795419,-0.02488780384660167,411
ring A (< 1 km),12,-0.033064693159833396,-0.06079373668208062,-0.009468023467745753,411
ring A (< 1 km),13,0.0072140114159867106,-0.014669604571052909,0.029089520208764753,411
ring A (< 1 km),14,0.0016696831873923383,-0.019364372312453113,0.02374169261264885,411
ring A (< 1 km),15,0.0019084513759973977,-0.020461151399569777,0.02118844562681094,411
ring A (< 1 km),16,0.016543886245186323,-0.012413430253906836,0.04419341427056421,411
ring A (< 1 km),17,0.06254058119020325,0.039779386823464956,0.08452828904640396,411
ring A (< 1 km),18,0.05324883435319936,0.033057931033471634,0.0737374573075079,411
ring A (< 1 km),19,0.050042974012538356,0.03011080566029184,0.07296641429454948,411
ring A (< 1 km),20,0.038755771669743914,0.02219551501481788,0.05767793744972837,411
ring A (< 1 km),21,0.041772023637940324,0.02237413940929758,0.06328921251443796,411
ring A (< 1 km),22,0.03642479199547822,0.015427006282299467,0.05976184773497558,411
ring A (< 1 km),23,0.04819745268374425,0.027483825735320447,0.06917220957427281,411
ring A (< 1 km),24,0.04415064765966836,0.02438653228618416,0.06426367187092158,411
ring A (< 1 km),25,0.04857960590503163,0.02984145895308395,0.06685337478708096,411
ring A (< 1 km),26,0.03550123662244216,0.017045406604847168,0.053264867735480184,411
ring A (< 1 km),27,0.027666389109319074,0.006224973200610583,0.04529625134878439,411
ring A (< 1 km),28,0.0300336542862568,0.01285733505920489,0.04967865530786699,411
ring A (< 1 km),29,0.017528587520185906,-0.0003656910534356961,0.036586357859613644,411
ring A (< 1 km),30,0.007003249702074911,-0.012831318804163657,0.028912108070358194,411
ring A (< 1 km),31,-0.01916853187745503,-0.0390478076285832,0.002683404096215324,411
ring A (< 1 km),32,-0.012030620859376673,-0.030708824371049197,0.008034596550642046,411
ring A (< 1 km),33,-0.001748452648079911,-0.018829894005783134,0.01940856554809019,411
ring A (< 1 km),34,0.001994281132551973,-0.015393377403371794,0.021546136858364866,411
ring A (< 1 km),35,-0.02100789708612464,-0.04271848302433431,0.001512300891888789,411
ring A (< 1 km),36,0.006674729720665404,-0.0118100042067362,0.026947844294392457,411
ring A (< 1 km),37,-0.004440333905751549,-0.02528190215819386,0.017981139163248092,411
ring A (< 1 km),38,0.023087359130503658,0.004045964006261416,0.047295991156728126,411
ring A (< 1 km),39,0.00019798957320905152,-0.01817409733396874,0.02083583192271891,411
ring A (< 1 km),40,0.00627981462592876,-0.01605855324081494,0.027972885024914226,411
ring A (< 1 km),41,-0.0018017900379008287,-0.019128303286344378,0.020937840271216503,411
ring A (< 1 km),42,-0.01536590474122071,-0.03665796523037536,0.0059072227233339675,411
ring A (< 1 km),43,-0.013934284736198248,-0.03179552442886805,0.003988678519382669,411
ring A (< 1 km),44,0.01770476037985421,-0.004833047617351867,0.04077236449475311,411
ring A (< 1 km),45,0.008558737191278322,-0.012880866738515876,0.03041775988960405,411
ring A (< 1 km),46,0.0076940691784599296,-0.013285415736643292,0.02948782538860219,411
ring A (< 1 km),47,-0.019915191585354697,-0.043133751781024306,-0.00012926803433009317,411
ring A (< 1 km),48,0.015129788300981063,-0.006023754629882168,0.03909231836348433,411
ring B (1-2 km),-26,0.028428812050780395,0.015797594109045243,0.04266110606834131,542
ring B (1-2 km),-25,0.022230134646851488,0.010011352859988481,0.03644326616931443,542
ring B (1-2 km),-24,0.02212460778863061,0.010784495545228099,0.03429276867606753,542
ring B (1-2 km),-23,0.014809391349421892,0.0034511697865863443,0.027560005149698506,542
ring B (1-2 km),-22,0.011892677117788127,0.0039370946704357776,0.022406342859876808,542
ring B (1-2 km),-21,-0.006214972517166733,-0.01585995884912134,0.004859340954436539,542
ring B (1-2 km),-20,-0.009783059156285098,-0.02061136507705575,0.001336525968633031,542
ring B (1-2 km),-19,-0.00252121297291033,-0.011584875393341092,0.007475311131854297,542
ring B (1-2 km),-18,0.005001549523474174,-0.004862397608601209,0.015445573572194449,542
ring B (1-2 km),-17,-0.008622613520269834,-0.02177474808319083,0.0038801501434816334,542
ring B (1-2 km),-16,-0.006740612053851915,-0.0169721163699037,0.0027304814755477616,542
ring B (1-2 km),-15,-0.020581239084420316,-0.031152101348113945,-0.008833938115675557,542
ring B (1-2 km),-14,0.002787487701678512,-0.006739881111535828,0.013371268619044828,542
ring B (1-2 km),-13,-0.02021118971592493,-0.030433100114418465,-0.01003976408155368,542
ring B (1-2 km),-12,-0.008406266208170275,-0.02155111521062679,0.0037013950564883805,542
ring B (1-2 km),-11,-0.01426171966309981,-0.027696527490342994,-0.0034917961748938482,542
ring B (1-2 km),-10,-0.020286419848024043,-0.03239074134494497,-0.009035064360034923,542
ring B (1-2 km),-9,-0.02164998072600037,-0.032048083184810956,-0.011517277237959526,542
ring B (1-2 km),-8,-0.0010508863904784237,-0.010842250222791934,0.009163533943877608,542
ring B (1-2 km),-7,-0.005210189923990394,-0.01694549652989379,0.0061583592966138676,542
ring B (1-2 km),-6,-0.0011147379883093107,-0.011920783285824584,0.010413691662089901,542
ring B (1-2 km),-5,0.0038348666255391298,-0.010205826274036888,0.01626741652128243,542
ring B (1-2 km),-4,0.0011235967603678704,-0.01206910550790522,0.01215571983258527,542
ring B (1-2 km),-3,0.004618543137585672,-0.007563835500868826,0.017159758259068073,542
ring B (1-2 km),-2,0.006414726859672542,-0.009675187480887533,0.022026564610485258,542
ring B (1-2 km),-1,0.02338870620711005,0.009786121388017035,0.036414613970442204,542
ring B (1-2 km),0,0.023086770521357197,0.010456852465426592,0.03442576021899373,542
ring B (1-2 km),1,0.019421392580542818,0.006640378937499195,0.03414108206044821,542
ring B (1-2 km),2,0.025338342657894867,0.011381538111170802,0.04075167029976714,542
ring B (1-2 km),3,0.01392771782157011,-0.0011983722533185919,0.02916941167656043,542
ring B (1-2 km),4,0.015483535260332948,-0.000513424616540208,0.03043136691852599,542
ring B (1-2 km),5,0.010991275808309013,-0.0023734654006829694,0.024975756240557836,542
ring B (1-2 km),6,-0.047865862939155866,-0.06579333347318704,-0.029571951424898598,542
ring B (1-2 km),7,0.005733789184602505,-0.011338385624998244,0.023538339036993674,542
ring B (1-2 km),8,0.01788067708118135,-0.0021204380363822758,0.03390239339757824,542
ring B (1-2 km),9,-0.035258695777297656,-0.05932342417218001,-0.01218598937261106,542
ring B (1-2 km),10,-0.09928029142987885,-0.12928769753180183,-0.07179368674831779,542
ring B (1-2 km),11,-0.03162887867098211,-0.05204844567713667,-0.012160492816561532,542
ring B (1-2 km),12,0.010922647418534803,-0.003994865154311486,0.027567015799954554,542
ring B (1-2 km),13,0.02932265720852956,0.01205014073992116,0.04829220969522395,542
ring B (1-2 km),14,0.018671030741369388,0.00027095385997459603,0.03617728175112916,542
ring B (1-2 km),15,0.028212945042014187,0.010023780303692295,0.04489409725873024,542
ring B (1-2 km),16,0.04053989444704553,0.02293954950802451,0.05835393997651357,542
ring B (1-2 km),17,0.05827554587755742,0.041993046710534415,0.0748570080029937,542
ring B (1-2 km),18,0.05344897119863978,0.039647696178414835,0.07141335064020898,542
ring B (1-2 km),19,0.05101146204231326,0.03519903632212529,0.06912265812054495,542
ring B (1-2 km),20,0.055968808555441445,0.04087338422851497,0.0738839469566874,542
ring B (1-2 km),21,0.05857111066529601,0.04363710421412657,0.07394335697188928,542
ring B (1-2 km),22,0.05574162284196235,0.03909199657523719,0.07211241784584928,542
ring B (1-2 km),23,0.04043156421416736,0.025596895319335726,0.056034453506964274,542
ring B (1-2 km),24,0.032945886403000064,0.017389453717958536,0.04800965925288759,542
ring B (1-2 km),25,0.043611945726778026,0.029373154758983614,0.058859372794314684,542
ring B (1-2 km),26,0.04951824993598058,0.03497736105606311,0.06517651226704278,542
ring B (1-2 km),27,0.03952170592016811,0.027031390176328676,0.05518051103851354,542
ring B (1-2 km),28,0.04600702271842411,0.03320319472846822,0.060546690610861396,542
ring B (1-2 km),29,0.031012616942800223,0.018786521061057205,0.04305702415916152,542
ring B (1-2 km),30,0.024321610191120474,0.009682484662221491,0.03787408573740417,542
ring B (1-2 km),31,0.013598617876150413,0.00206377419709453,0.02596544004976087,542
ring B (1-2 km),32,0.00332568752714949,-0.008906185388419814,0.016991568149095387,542
ring B (1-2 km),33,0.025861387535983108,0.012658918880801364,0.04025220105731901,542
ring B (1-2 km),34,0.022706848204296047,0.008910021023757536,0.03771178238932688,542
ring B (1-2 km),35,-0.011051001299823972,-0.025299127731445287,0.0025480045884579976,542
ring B (1-2 km),36,0.0004436609658797725,-0.014356608646048262,0.015612242255953248,542
ring B (1-2 km),37,0.003129384749328051,-0.012551927591902903,0.017690094466213453,542
ring B (1-2 km),38,0.01365473410758728,-0.002440094425451436,0.029578094663369366,542
ring B (1-2 km),39,0.005106576647090239,-0.009148538388621522,0.018658654910675275,542
ring B (1-2 km),40,0.011475918637560168,-0.004716841765031703,0.02907297399572282,542
ring B (1-2 km),41,0.009672298704443232,-0.0037232671690560393,0.026932876375780866,542
ring B (1-2 km),42,0.006291324003659381,-0.007898388293267361,0.020880256487736535,542
ring B (1-2 km),43,0.0003038820710971692,-0.012173661677128756,0.01505511641010391,542
ring B (1-2 km),44,0.018830464029783278,0.005777248748586854,0.03321383951776953,542
ring B (1-2 km),45,0.022345741106832552,0.007055682514983134,0.039747181547453964,542
ring B (1-2 km),46,0.024143264348559814,0.008863134612214362,0.03889291568542287,542
ring B (1-2 km),47,0.008762041561694345,-0.007328153959186391,0.02398554705906262,542
ring B (1-2 km),48,0.02506706785708695,0.007881443994107819,0.04184877198055341,542
