group,event_week,gap_pct,stores
< 1 km,-26,7.221894582596633,172
< 1 km,-25,2.8368981623297262,172
< 1 km,-24,2.7497232554841267,172
< 1 km,-23,1.1118149790257936,172
< 1 km,-22,1.534928235743216,172
< 1 km,-21,-1.7452444980419424,172
< 1 km,-20,-3.843935064720694,172
< 1 km,-19,-7.181178931840915,172
< 1 km,-18,-3.4845110547948477,172
< 1 km,-17,-4.78154449789886,172
< 1 km,-16,-4.236826569124686,172
< 1 km,-15,-4.668023763561669,172
< 1 km,-14,-2.4238161250698775,172
< 1 km,-13,-1.8483817257895274,172
< 1 km,-12,-1.2691376981938562,172
< 1 km,-11,-1.1376546914639851,172
< 1 km,-10,-2.9116605915652127,172
< 1 km,-9,-3.155883667832393,172
< 1 km,-8,-3.452345050932437,172
< 1 km,-7,2.229787701771979,172
< 1 km,-6,3.0464285704569383,172
< 1 km,-5,4.285574558450844,172
< 1 km,-4,5.493057083553299,172
< 1 km,-3,7.448475517363584,172
< 1 km,-2,4.83604141653442,172
< 1 km,-1,5.480303643083606,172
< 1 km,0,7.746650921373299,172
< 1 km,1,5.972102584546413,172
< 1 km,2,5.461396604552138,172
< 1 km,3,5.459812329300484,172
< 1 km,4,6.416331639281236,172
< 1 km,5,5.882517402369825,172
< 1 km,6,-1.6204628978777946,172
< 1 km,7,2.147745493806541,172
< 1 km,8,7.588900175176927,172
< 1 km,9,9.63596204161381,172
< 1 km,10,-2.8360582917140054,172
< 1 km,11,-4.298638661619836,172
< 1 km,12,0.11538314823353879,172
< 1 km,13,2.0878601984498424,172
< 1 km,14,-3.458941095021595,172
< 1 km,15,-4.408320489149464,172
< 1 km,16,3.848021045889305,172
< 1 km,17,8.998330074523064,172
< 1 km,18,7.70230563254497,172
< 1 km,19,8.64189458054172,172
< 1 km,20,6.290006762563682,172
< 1 km,21,7.949069953006993,172
< 1 km,22,9.933280062886674,172
< 1 km,23,12.307476102525738,172
< 1 km,24,6.558938872004849,172
< 1 km,25,3.9299804936878013,172
< 1 km,26,7.9577836153366555,172
< 1 km,27,3.9292053237355518,172
< 1 km,28,0.35955758894410383,172
< 1 km,29,2.247447787081014,172
< 1 km,30,0.1613016106957188,172
< 1 km,31,-1.2685238949720512,172
< 1 km,32,-5.919296952559416,172
< 1 km,33,-2.998930398617361,172
< 1 km,34,-4.375083114392342,172
< 1 km,35,-7.587980596799415,172
< 1 km,36,-4.7424097603837145,172
< 1 km,37,-7.366800460922674,172
< 1 km,38,-1.862482444432878,172
< 1 km,39,-2.2285501707151933,172
< 1 km,40,-1.9785918705260586,172
< 1 km,41,-1.3598246708307338,172
< 1 km,42,-3.2994865459891276,172
< 1 km,43,-1.8193886480350585,172
< 1 km,44,-2.9880452041297523,172
< 1 km,45,1.6801307325333026,172
< 1 km,46,3.8514927732737902,172
< 1 km,47,4.377909642330513,172
< 1 km,48,4.727153748277191,172
1–2 km,-26,4.590228050829914,192
1–2 km,-25,2.776588041432504,192
1–2 km,-24,2.31742036765219,192
1–2 km,-23,1.6496511794680035,192
1–2 km,-22,0.8809374822798199,192
1–2 km,-21,0.5131659953492518,192
1–2 km,-20,1.2291948995164503,192
1–2 km,-19,2.349056822605733,192
1–2 km,-18,-0.49626115780011526,192
1–2 km,-17,-2.634774185276534,192
1–2 km,-16,-0.4958357884060738,192
1–2 km,-15,-1.8641891374488684,192
1–2 km,-14,-3.1186074456050816,192
1–2 km,-13,-2.8310710656479054,192
1–2 km,-12,-0.4103540394595817,192
1–2 km,-11,-1.0736823462030975,192
1–2 km,-10,-2.414497800177995,192
1–2 km,-9,-1.8901086462639438,192
1–2 km,-8,-2.845435478436653,192
1–2 km,-7,-1.8698051662050186,192
1–2 km,-6,-2.4783049469826124,192
1–2 km,-5,1.3331682859980765,192
1–2 km,-4,2.122674535087743,192
1–2 km,-3,-0.15432682557336985,192
1–2 km,-2,4.0809082582892175,192
1–2 km,-1,1.3660048466199282,192
1–2 km,0,1.9291462916535052,192
1–2 km,1,-1.3019405101976522,192
1–2 km,2,1.8222977398887785,192
1–2 km,3,3.6209557958981176,192
1–2 km,4,0.16638738405438946,192
1–2 km,5,0.801953025704627,192
1–2 km,6,-3.6395183263457254,192
1–2 km,7,-0.756713456684055,192
1–2 km,8,1.1577439906810039,192
1–2 km,9,4.9175215078367085,192
1–2 km,10,-1.9191532097111996,192
1–2 km,11,-0.6922646924411691,192
1–2 km,12,3.1949508223417356,192
1–2 km,13,5.087136113819879,192
1–2 km,14,2.4689792997790505,192
1–2 km,15,2.983732197092981,192
1–2 km,16,3.7119869324382604,192
1–2 km,17,10.33241407718073,192
1–2 km,18,8.96408394454511,192
1–2 km,19,10.966757846476028,192
1–2 km,20,6.103487140408159,192
1–2 km,21,7.378479006251126,192
1–2 km,22,8.968643961784917,192
1–2 km,23,8.990907452495623,192
1–2 km,24,7.119342248599847,192
1–2 km,25,6.542130079336617,192
1–2 km,26,6.554549975448887,192
1–2 km,27,6.224122435960555,192
1–2 km,28,4.152891050858765,192
1–2 km,29,5.213871504272971,192
1–2 km,30,5.091478362344759,192
1–2 km,31,0.10501484388323323,192
1–2 km,32,1.6002086149394579,192
1–2 km,33,1.8348756865470106,192
1–2 km,34,1.3837905484305413,192
1–2 km,35,-1.9396722078339756,192
1–2 km,36,-0.7441808953185691,192
1–2 km,37,1.4471370316722298,192
1–2 km,38,-1.2635272365133732,192
1–2 km,39,-1.7745384511151263,192
1–2 km,40,-2.1616954387298937,192
1–2 km,41,-1.4120334933504064,192
1–2 km,42,-3.510641828766381,192
1–2 km,43,-3.044025872512046,192
1–2 km,44,-2.611286663430179,192
1–2 km,45,-2.7998767291988913,192
1–2 km,46,-1.6672500163078974,192
1–2 km,47,-0.9749371876045299,192
1–2 km,48,1.6662489840220784,192
