job_id,position_id,store_number,role,title,location,state,posted_ts,days_open,reason,hiring_band,bonus,post_expiry_ts,pay_field,pay_text,minimum_pay,maximum_pay,pay_midpoint,hourly_or_salary,currency,source_url
260052636,481079197504,,STORE_MANAGER,"store manager - Fairbanks, AK","Fairbanks, Alaska, United States",AK,1785971784,57,leadership,Manager with Direct Reports,Yes,1791183540,efcustomTextPayRangenonretail,"$67,600-$94,600 annually",67600.0,94600.0,81100.0,salary,USD,https://apply.starbucks.com/careers/job/481079197504
260054912,481079409199,,STORE_MANAGER,"store manager - Clearwater, FL","Clearwater, Florida, United States",FL,1787581147,38,leadership,Manager with Direct Reports,Yes,1792036740,efcustomTextPayRangenonretail,"$60,000-$84,000 annually",60000.0,84000.0,72000.0,salary,USD,https://apply.starbucks.com/careers/job/481079409199
260057140,481079562832,,STORE_MANAGER,"store manager, Tulsa","Tulsa, Oklahoma, United States",OK,1787785517,36,leadership,Manager with Direct Reports,,1791010740,efcustomTextPayRangenonretail,"$58,800-$82,300 annually",58800.0,82300.0,70550.0,salary,USD,https://apply.starbucks.com/careers/job/481079562832
260053526,481079350012,,STORE_MANAGER,store manager- Baltimore & Surrounding Areas,"Baltimore, Maryland, United States",MD,1788358168,29,leadership,Manager with Direct Reports,Yes,1790999940,efcustomTextPayRangenonretail,"$63,400-88,800/Annually",63400.0,88800.0,76100.0,salary,USD,https://apply.starbucks.com/careers/job/481079350012
260056127,481079483463,,STORE_MANAGER,"store manager, Downtown Miami","Miami, Florida, United States",FL,1788374752,29,leadership,Manager with Direct Reports,Yes,1791007140,efcustomTextPayRangenonretail,"$63,400-$88,800 annually",63400.0,88800.0,76100.0,salary,USD,https://apply.starbucks.com/careers/job/481079483463
260059785,481080057795,,STORE_MANAGER,"store manager - Mount Vernon/Burlington, WA","Mount Vernon, Washington, United States",WA,1788902543,23,leadership,Manager with Direct Reports,Yes,1791529140,efcustomTextPayRangenonretail,"$63,400-$88,800 annually",63400.0,88800.0,76100.0,salary,USD,https://apply.starbucks.com/careers/job/481080057795
260071471,481080752621,,STORE_MANAGER,"store manager, Odessa, Pecos, Monahans","Odessa, Texas, United States",TX,1788876341,23,leadership,Manager with Direct Reports,Yes,1791345540,efcustomTextPayRangenonretail,"$58,800-$82,300 annually",58800.0,82300.0,70550.0,salary,USD,https://apply.starbucks.com/careers/job/481080752621
260071502,481080755538,,STORE_MANAGER,"store manager - Issaquah/Sammamish, WA","Issaquah, Washington, United States",WA,1788898009,23,leadership,Manager with Direct Reports,Yes,1791529140,efcustomTextPayRangenonretail,"$67,600-$94,600 annually",67600.0,94600.0,81100.0,salary,USD,https://apply.starbucks.com/careers/job/481080755538
260065394,481080677795,03364,BARISTA,"barista - Store# 03364, SOUTHCENTER MALL CENTER","506 Southcenter Mall, Southcenter Mall, Seattle, Washington, United States",WA,1788321600,29,same-role duplicate at a store,Individual Contributor,,1796101200,efcustomTextPayRange,21.75 to 24.69 USD,21.75,24.69,23.22,hourly,USD,https://apply.starbucks.com/careers/job/481080677795
260066916,481080698469,03364,BARISTA,"barista - Store# 03364, SOUTHCENTER MALL CENTER","506 Southcenter Mall, Southcenter Mall, Seattle, Washington, United States",WA,1788321600,29,same-role duplicate at a store,Individual Contributor,,1796101200,efcustomTextPayRange,21.75 to 24.69 USD,21.75,24.69,23.22,hourly,USD,https://apply.starbucks.com/careers/job/481080698469
260066947,481080698537,08732,BARISTA,"barista - Store# 08732, MLK Jr Blvd & E23rd St","2269 Martin Luther King Jr Blvd, Panama City, Florida, United States",FL,1788321600,29,same-role duplicate at a store,Individual Contributor,,1796101200,efcustomTextPayRange,17.25 to 19.58 USD,17.25,19.58,18.41,hourly,USD,https://apply.starbucks.com/careers/job/481080698537
260065425,481080677637,08732,BARISTA,"barista - Store# 08732, MLK Jr Blvd & E23rd St","2269 Martin Luther King Jr Blvd, Panama City, Florida, United States",FL,1788321600,29,same-role duplicate at a store,Individual Contributor,,1796101200,efcustomTextPayRange,17.25 to 19.58 USD,17.25,19.58,18.41,hourly,USD,https://apply.starbucks.com/careers/job/481080677637
260067736,481080699523,09516,BARISTA,"barista - Store# 09516, SR 436 & US 17-92","168 Semoran Blvd, Casselberry Exchange Shopping Center, Casselberry, Florida, United States",FL,1788321600,29,same-role duplicate at a store,Individual Contributor,,1796101200,efcustomTextPayRange,16.50 to 18.73 USD,16.5,18.73,17.62,hourly,USD,https://apply.starbucks.com/careers/job/481080699523
260066214,481080679004,09516,BARISTA,"barista - Store# 09516, SR 436 & US 17-92","168 Semoran Blvd, Casselberry Exchange Shopping Center, Casselberry, Florida, United States",FL,1788321600,29,same-role duplicate at a store,Individual Contributor,,1796101200,efcustomTextPayRange,16.50 to 18.73 USD,16.5,18.73,17.62,hourly,USD,https://apply.starbucks.com/careers/job/481080679004
260052994,481079230095,09649,SHIFT_SUPERVISOR,"shift supervisor - Store# 09649, 119TH & BLACKBOB","14605 W 119th St, Olathe Pointe, Olathe, Kansas, United States",KS,1783137600,89,oldest posting,Team Leader,,1790913600,efcustomTextPayRange,19.37 to 21.99 USD,19.37,21.99,20.68,hourly,USD,https://apply.starbucks.com/careers/job/481079230095
260053121,481079230233,03388,BARISTA,"barista - Store# 03388, GIG HARBOR DT","5001 Olympic Dr, Ste 103, Gig Harbor, Washington, United States",WA,1783137600,89,oldest posting,Individual Contributor,,1790913600,efcustomTextPayRange,17.25 to 19.58 USD,17.25,19.58,18.41,hourly,USD,https://apply.starbucks.com/careers/job/481079230233
260053016,481079230105,09623,BARISTA,"barista - Store# 09623, SCOTTSDALE & MCKELLIPS","1926 N. Scottsdale Rd., Tempe, Arizona, United States",AZ,1783137600,89,oldest posting,Individual Contributor,,1790913600,efcustomTextPayRange,15.25 to 17.31 USD,15.25,17.31,16.28,hourly,USD,https://apply.starbucks.com/careers/job/481079230105
260053043,481079230139,05791,BARISTA,"barista - Store# 05791, RIO GRANDE BLVD & I-40","1000 Rio Grande Blvd., Rio Grande Plaza Suite A-190, Albuquerque, New Mexico, United States",NM,1783137600,89,oldest posting,Individual Contributor,,1790913600,efcustomTextPayRange,15.25 to 17.31 USD,15.25,17.31,16.28,hourly,USD,https://apply.starbucks.com/careers/job/481079230139
260053084,481079230187,22479,SHIFT_SUPERVISOR,"shift supervisor - Store# 22479, HWY 423 & 720","2170 FM 423, 100, Little Elm, Texas, United States",TX,1783137600,89,oldest posting,Team Leader,,1790913600,efcustomTextPayRange,19.37 to 21.99 USD,19.37,21.99,20.68,hourly,USD,https://apply.starbucks.com/careers/job/481079230187
260053028,481079230131,08812,BARISTA,"barista - Store# 08812, 39TH & PARK","90 Park Ave, New York, New York, United States",NY,1783137600,89,oldest posting,Individual Contributor,,1790913600,efcustomTextPayRange,17.75 to 20.15 USD,17.75,20.15,18.95,hourly,USD,https://apply.starbucks.com/careers/job/481079230131
260078898,481080964888,68422,BARISTA,"barista - Store# 68422, HUFFMAN & OLD SEWARD","1160 Huffman Park Drive, A, Anchorage, Alaska, United States",AK,1790049600,9,geographic spread (AK),Individual Contributor,,1797829200,efcustomTextPayRange,17.00 to 19.30 USD,17.0,19.3,18.15,hourly,USD,https://apply.starbucks.com/careers/job/481080964888
260080008,481081029595,24936,SHIFT_SUPERVISOR,"shift supervisor - Store# 24936, 100TH & C ST - ANCHORAGE","320 W. 100th Ave, 100, Anchorage, Alaska, United States",AK,1790481600,4,geographic spread (AK),Team Leader,,1798261200,efcustomTextPayRange,21.59 to 24.51 USD,21.59,24.51,23.05,hourly,USD,https://apply.starbucks.com/careers/job/481081029595
260080496,481081091600,65857,BARISTA,"barista - Store# 65857, HWY 231 & JOHN WITHERINGTON DR.","1301 US Hwy 231 S, Suite 33, Troy, Alabama, United States",AL,1790740800,1,geographic spread (AL),Individual Contributor,,1798520400,efcustomTextPayRange,15.25 to 17.31 USD,15.25,17.31,16.28,hourly,USD,https://apply.starbucks.com/careers/job/481081091600
260080782,481081098031,03478,SHIFT_SUPERVISOR,"shift supervisor - Store# 03478, GREYSTONE/HWY 280 & 119","5405 Highway 280, Birmingham, Alabama, United States",AL,1790740800,1,geographic spread (AL),Team Leader,,1798520400,efcustomTextPayRange,20.64 to 23.42 USD,20.64,23.42,22.03,hourly,USD,https://apply.starbucks.com/careers/job/481081098031
260080106,481081029817,10483,BARISTA,"barista - Store# 10483, COLLEGE & JOYCE","3901 Shiloh Drive, Fayetteville, Arkansas, United States",AR,1790481600,4,geographic spread (AR),Individual Contributor,,1798261200,efcustomTextPayRange,15.25 to 17.31 USD,15.25,17.31,16.28,hourly,USD,https://apply.starbucks.com/careers/job/481081029817
260080105,481081029824,85461,SHIFT_SUPERVISOR,"shift supervisor - Store# 85461, US 71 & PARK RD","3850 Park South Road, Fort Smith, Arkansas, United States",AR,1790481600,4,geographic spread (AR),Team Leader,,1798261200,efcustomTextPayRange,19.37 to 21.99 USD,19.37,21.99,20.68,hourly,USD,https://apply.starbucks.com/careers/job/481081029824
260080689,481081091833,68718,BARISTA,"barista - Store# 68718, ARIZONA & WARNER","2130 N Arizona Ave, Chandler, Arizona, United States",AZ,1790740800,1,geographic spread (AZ),Individual Contributor,,1798520400,efcustomTextPayRange,15.25 to 17.31 USD,15.25,17.31,16.28,hourly,USD,https://apply.starbucks.com/careers/job/481081091833
260080512,481081091627,66264,SHIFT_SUPERVISOR,"shift supervisor - Store# 66264, YUMA AND COTTON","895 S Cotton Ln, Goodyear, Arizona, United States",AZ,1790740800,1,geographic spread (AZ),Team Leader,,1798520400,efcustomTextPayRange,19.37 to 21.99 USD,19.37,21.99,20.68,hourly,USD,https://apply.starbucks.com/careers/job/481081091627
260080603,481081091736,26248,BARISTA,"barista - Store# 26248, Main & The 15","12693 Main St, Hesperia, California, United States",CA,1790740800,1,geographic spread (CA),Individual Contributor,,1798520400,efcustomTextPayRange,20.25 to 22.99 USD,20.25,22.99,21.62,hourly,USD,https://apply.starbucks.com/careers/job/481081091736
260080621,481081091750,09627,SHIFT_SUPERVISOR,"shift supervisor - Store# 09627, JURUPA & I-15","4880 E. Motor Lane, B, Ontario, California, United States",CA,1790740800,1,geographic spread (CA),Team Leader,,1798520400,efcustomTextPayRange,25.72 to 29.19 USD,25.72,29.19,27.45,hourly,USD,https://apply.starbucks.com/careers/job/481081091750
260080268,481081059111,26930,BARISTA,"barista - Store# 26930, SILVERTHORNE - RAINBOW AND I-70","246 Rainbow Dr, O-1, Silverthorne, Colorado, United States",CO,1790568000,3,geographic spread (CO),Individual Contributor,,1798347600,efcustomTextPayRange,19.50 to 22.14 USD,19.5,22.14,20.82,hourly,USD,https://apply.starbucks.com/careers/job/481081059111
260080358,481081059248,78301,SHIFT_SUPERVISOR,"shift supervisor - Store# 78301, DUBLIN AND AUSTIN BLUFFS","6905 Austin Bluffs Pkwy, Colorado Springs, Colorado, United States",CO,1790568000,3,geographic spread (CO),Individual Contributor,,1798347600,efcustomTextPayRange,19.43 to 22.06 USD,19.43,22.06,20.74,hourly,USD,https://apply.starbucks.com/careers/job/481081059248
260080567,481081091688,57877,BARISTA,"barista - Store# 57877, OKEECHOBEE ROAD & JENKINS RD","5550 Okeechobee Rd, Fort Pierce, Florida, United States",FL,1790740800,1,geographic spread (FL),Individual Contributor,,1798520400,efcustomTextPayRange,15.75 to 17.88 USD,15.75,17.88,16.81,hourly,USD,https://apply.starbucks.com/careers/job/481081091688
260080582,481081091708,08399,SHIFT_SUPERVISOR,"shift supervisor - Store# 08399, ATLANTIC & HODGES","13315 Atlantic Blvd, Jacksonville, Florida, United States",FL,1790740800,1,geographic spread (FL),Team Leader,,1798520400,efcustomTextPayRange,19.37 to 21.99 USD,19.37,21.99,20.68,hourly,USD,https://apply.starbucks.com/careers/job/481081091708
260080608,481081091733,71753,BARISTA,"barista - Store# 71753, GRAYSON HWY & ROSEBUD","1890 Grayson Hwy, Grayson, Georgia, United States",GA,1790740800,1,geographic spread (GA),Individual Contributor,,1798520400,efcustomTextPayRange,15.25 to 17.31 USD,15.25,17.31,16.28,hourly,USD,https://apply.starbucks.com/careers/job/481081091733
260080661,481081091799,08512,SHIFT_SUPERVISOR,"shift supervisor - Store# 08512, ABERNATHY SQUARE","6681 Roswell Rd, Abernathy Square, Ste K, Atlanta, Georgia, United States",GA,1790740800,1,geographic spread (GA),Team Leader,,1798520400,efcustomTextPayRange,20.32 to 23.07 USD,20.32,23.07,21.7,hourly,USD,https://apply.starbucks.com/careers/job/481081091799
260067500,481080699170,11259,BARISTA,"barista - Store# 11259, PONDERAY PLAZA- PONDERAY","477100 N Hwy 95, Suite E, Ponderay, Idaho, United States",ID,1788321600,29,geographic spread (ID),Individual Contributor,,1796101200,efcustomTextPayRange,17.25 to 19.58 USD,17.25,19.58,18.41,hourly,USD,https://apply.starbucks.com/careers/job/481080699170
260077390,481080891007,11259,SHIFT_SUPERVISOR,"shift supervisor - Store# 11259, PONDERAY PLAZA- PONDERAY","477100 N Hwy 95, Suite E, Ponderay, Idaho, United States",ID,1789617600,14,geographic spread (ID),Team Leader,,1797397200,efcustomTextPayRange,21.91 to 24.87 USD,21.91,24.87,23.39,hourly,USD,https://apply.starbucks.com/careers/job/481080891007
260079960,481081029472,85492,BARISTA,"barista - Store# 85492, S PARK AVE & RAILROAD AVE","1712 S Park Ave, Herrin, Illinois, United States",IL,1790481600,4,geographic spread (IL),Individual Contributor,,1798261200,efcustomTextPayRange,15.25 to 17.31 USD,15.25,17.31,16.28,hourly,USD,https://apply.starbucks.com/careers/job/481081029472
260079906,481081029358,85492,SHIFT_SUPERVISOR,"shift supervisor - Store# 85492, S PARK AVE & RAILROAD AVE","1712 S Park Ave, Herrin, Illinois, United States",IL,1790481600,4,geographic spread (IL),Team Leader,,1798261200,efcustomTextPayRange,19.37 to 21.99 USD,19.37,21.99,20.68,hourly,USD,https://apply.starbucks.com/careers/job/481081029358
