fiscal_quarter,period_end,na_company_operated_store_revenue_musd,na_store_operating_expenses_musd,na_store_opex_pct_of_co_revenue,na_product_distribution_pct_of_revenue,na_operating_income_musd,na_operating_margin_pct,source
FY24 Q2,2024-03-31,5724.5,3037.4,53.1,27.7,1148.3,18.0,8-K FY25 Q2 (prior-year column)
FY24 Q3,2024-06-30,6135.0,3131.1,51.0,26.9,1432.7,21.0,8-K FY25 Q3 (prior-year column)
FY24 Q4,2024-09-29,6018.0,3150.8,52.4,27.7,1253.5,18.7,8-K FY25 Q4 (prior-year column)
FY25 Q1,2024-12-29,6367.9,3458.4,54.3,27.8,1181.3,16.7,8-K FY26 Q1 (prior-year column)
FY25 Q2,2025-03-30,5861.7,3431.6,58.5,27.9,748.3,11.6,8-K FY25 Q2
FY25 Q3,2025-06-29,6285.7,3552.4,56.5,27.6,918.7,13.3,8-K FY25 Q3
FY25 Q4,2025-09-28,6277.8,3530.8,56.2,28.2,308.5,4.5,8-K FY25 Q4 (includes restructuring)
FY26 Q1,2025-12-28,6635.5,3785.1,57.0,29.3,867.0,11.9,8-K FY26 Q1
FY26 Q2,2026-03-29,6284.7,3691.9,58.7,30.0,679.9,9.9,8-K FY26 Q2
FY26 Q3,2026-06-28,6754.8,3789.3,56.1,26.7,1008.9,13.6,8-K FY26 Q3
