date,source,speaker,topic,statement_summary,short_quote_if_useful,url,why_it_matters,metric_it_could_be_tested_with,quote_verified
2026-01-28,"Q1 FY26 earnings call (FactSet corrected transcript, Starbucks IR)","Brian Niccol, CEO",staffing levels / turnover,Bigger rosters and low hourly turnover cited as inputs to Green Apron Service results,"we leveraged bigger rosters, new customer service standards, continued low hourly partner turnover, and our Smart Queue algorithm",https://s203.q4cdn.com/326826266/files/doc_financials/2026/q1/SBUX-1Q26-CORRECTED-TRANSCRIPT.pdf,"Management frames staffing (roster size, low turnover) as a cause of the service turnaround",Repeat snapshots: frontline posting counts per store over time; external turnover proxies (job-site reviews); store-level service/visit data,verbatim vs. local transcript text
2026-01-28,Q1 FY26 earnings call,"Brian Niccol, CEO",throughput / service speed,Average cafe and drive-thru service times below 4-minute targets despite transaction growth,"average café and drive-thru service times, both below our four minute targets, even with meaningful transaction growth",https://s203.q4cdn.com/326826266/files/doc_financials/2026/q1/SBUX-1Q26-CORRECTED-TRANSCRIPT.pdf,Service speed is the operating KPI that staffing is supposed to move,"Third-party wait-time data (reviews mentioning waits, foot-traffic dwell time)",verbatim vs. local transcript text
2026-01-28,Q1 FY26 earnings call,"Brian Niccol, CEO",store-manager stability,New expectation that coffeehouse leaders stay in role at least three years; continuity linked to performance,we know leadership continuity strongly correlates to a better culture and improved coffeehouse performance,https://s203.q4cdn.com/326826266/files/doc_financials/2026/q1/SBUX-1Q26-CORRECTED-TRANSCRIPT.pdf,Direct management claim that store-leader stability drives store performance,Store-manager / coffeehouse-coach posting concentration by market; repeat snapshots of leadership postings,verbatim vs. local transcript text
2026-01-28,Q1 FY26 earnings call,"Brian Niccol, CEO",internal promotion / new-store staffing,Coffeehouse coaches (assistant store managers) created as a people pipeline for new store openings,"coffeehouse coaches, which are our assistant store managers. That's going to be a pipeline to enable new store openings from a people standpoint",https://s203.q4cdn.com/326826266/files/doc_financials/2026/q1/SBUX-1Q26-CORRECTED-TRANSCRIPT.pdf,Ties unit growth to leadership hiring capacity; new units were 'very disruptive on our people',Coffeehouse-coach postings vs. new-store locations (store universe join; stores hiring but not yet in locator),verbatim vs. local transcript text
2026-01-28,Q1 FY26 earnings call,"Cathy Smith, CFO",margins / labor investment,"Q1 North America operating margin down ~420 bps YoY, primarily from Back to Starbucks investments annualizing","primarily as our investments in support of Back to Starbucks, continue to annualize",https://s203.q4cdn.com/326826266/files/doc_financials/2026/q1/SBUX-1Q26-CORRECTED-TRANSCRIPT.pdf,Labor investment is the main margin headwind; margin recovery depends on lapping it and sales leverage,Quarterly NA margin vs. comps; labor-related commentary,verbatim vs. local transcript text
2026-01-28,Q1 FY26 earnings call,"Cathy Smith, CFO",margins,Margin improvement expected as Green Apron investments anniversary in Q4 plus sales leverage,we will anniversary our Green Apron Service investments in Q4,https://s203.q4cdn.com/326826266/files/doc_financials/2026/q1/SBUX-1Q26-CORRECTED-TRANSCRIPT.pdf,Sets the expectation that labor costs stop growing faster than sales from Q4 FY26,Q4 FY26 / FY27 margins,verbatim vs. local transcript text
2026-04-28,Q2 FY26 earnings call (Starbucks IR transcript),"Brian Niccol, CEO",staffing / store-manager stability,Healthy rosters and growing leadership stability; 80% of 5-shot coffeehouses had a leader enrolled > 1 year,Confidence on the floor improved with healthy rosters and growing leadership stability,https://s203.q4cdn.com/326826266/files/doc_financials/2026/q2/Q2-FY26-SBUX-Transcript.pdf,Repeats the leader-stability -> performance link with a specific statistic,Leadership posting concentration; store-level performance proxies,verbatim vs. local transcript text
2026-04-28,Q2 FY26 earnings call,"Brian Niccol, CEO",labor model / productivity,"No plans to cut labor; productivity to come from throughput, technology and deployment",We don't see our way forward with cutting.,https://s203.q4cdn.com/326826266/files/doc_financials/2026/q2/Q2-FY26-SBUX-Transcript.pdf,Labor hours are a fixed commitment; margin depends on transactions per labor hour,Comps/transactions vs. margin; posting volume stability across snapshots,verbatim vs. local transcript text
2026-04-28,Q2 FY26 earnings call,"Brian Niccol, CEO",pay / incentives,Shift to weekly pay and a quarterly reward program for baristas and shift supervisors,introduce a new quarterly reward program for baristas and shift supervisors,https://s203.q4cdn.com/326826266/files/doc_financials/2026/q2/Q2-FY26-SBUX-Transcript.pdf,Labor-cost item and retention lever,Pay ranges in postings (detail endpoint) across snapshots,verbatim vs. local transcript text
2026-04-29,Fortune interview with COO Mike Grams (secondary source),"Mike Grams, COO",shift fill rate / scheduling,98% of available shifts filled; 95% of employees get preferred schedules; total pay + benefits average ~$30/hour,Our highest performing coffeehouses are far more likely to have leaders who've been in the role over a year,https://www.fortune.com/2026/04/29/starbucks-coo-turnaround-workers-baristas-stores-pay-benefits/,Company-reported fill rate directly contradicts an acute frontline staffing shortage (unverified externally),Not directly testable with postings; repeat snapshots + review text could corroborate,NOT verified: extracted by automated page reader from the URL; check before quoting
2026-07-29,Q3 FY26 earnings release (SEC 8-K),Company,comparable sales / transactions,"U.S. comps +7.9% (transactions +4.2%, ticket +3.6%); NA comps +8.1%",,https://www.sec.gov/Archives/edgar/data/0000829224/000082922426000129/sbux-06282026xearningsrele.htm,"Current operating outcome data: transactions are growing, the opposite of what a staffing-driven execution failure would produce",Foot traffic data (Placer/Advan) by market,numbers from SEC 8-K via automated page reader; check before quoting
2026-07-29,Q3 FY26 earnings release (SEC 8-K),Company,margins / labor investment,"NA GAAP operating margin 13.6% (+30 bps); drivers: sales leverage, lower inflation, tariff refunds, partially offset by restructuring and labor investments",partially offset by higher restructuring costs and labor investments largely in support of 'Back to Starbucks',https://www.sec.gov/Archives/edgar/data/0000829224/000082922426000129/sbux-06282026xearningsrele.htm,Labor investment is still a named margin headwind,Quarterly margin trajectory,NOT verified: extracted by automated page reader from the URL; check before quoting
2026-07-29,Q3 FY26 earnings call (Starbucks IR transcript),"Brian Niccol, CEO",store-manager tenure / internal promotion,Share of NA coffeehouse leaders enrolled 2+ years up ~7 pts YoY; internal hiring for retail leadership incl. coffeehouse coaches up YoY,"coffeehouse leader stability is highly correlated to store performance. Internal hiring for retail leadership, including coffeehouse coaches, is up year-over-year",https://s203.q4cdn.com/326826266/files/doc_financials/2026/q3/Q3-FY26-SBUX-Transcript.pdf,Strongest staffing linkage; also explains why external store-manager postings may be scarce (internal fills),Leadership postings by market vs. store base; repeat snapshots,verbatim vs. local transcript text
2026-07-29,Q3 FY26 earnings call,"Brian Niccol, CEO",service speed,Target service times achieved on average across every access point in Q3,"On average, we achieve target service times across every access point in Q3, even with transaction growth across dayparts.",https://s203.q4cdn.com/326826266/files/doc_financials/2026/q3/Q3-FY26-SBUX-Transcript.pdf,Management claims execution is on target at current staffing,Third-party wait-time / review data,verbatim vs. local transcript text
2026-07-29,Q3 FY26 earnings call,"Brian Niccol, CEO",labor hours vs growth,Labor hours managed to demand; more hours to be 'earned' as the business grows,eventually we'll earn our way into having the additional hours necessary to match the growth of the business,https://s203.q4cdn.com/326826266/files/doc_financials/2026/q3/Q3-FY26-SBUX-Transcript.pdf,Signals labor hours lag demand by design: a possible future pressure point if growth outruns hours,Posting volume vs. comps by market over repeated snapshots,verbatim vs. local transcript text
2026-07-29,Q3 FY26 earnings call,"Cathy Smith, CFO",margins,NA operating margin up ~280 bps YoY (>100 bps excluding tariff refunds); FY26 consolidated margin guidance raised to >11%,"Stronger sales leverage, operational focus, and cost savings are helping offset our investments in Green Apron Service",https://s203.q4cdn.com/326826266/files/doc_financials/2026/q3/Q3-FY26-SBUX-Transcript.pdf,Margins are recovering despite labor investment,Q4 FY26 margins as the Green Apron investment anniversaries,verbatim vs. local transcript text
