state,active_retail_postings,unique_stores_hiring,leadership_postings,pct_over_30_days,pct_over_60_days,pct_old_for_role,median_days_open,pct_stores_same_role_duplicate,pct_stores_3plus_roles,postings_per_hiring_store,leadership_vacancy_intensity,market_level,city
NH,70,33,5,31.4,11.4,7.1,26.0,6.1,0.0,2.121,0.1515,state,
NV,42,20,1,26.2,9.5,9.5,25.0,5.0,0.0,2.1,0.05,city,Henderson
AL,31,15,1,19.4,9.7,6.5,21.0,6.7,0.0,2.067,0.0667,city,Birmingham
TN,33,16,1,33.3,15.2,9.1,22.0,0.0,0.0,2.062,0.0625,city,Memphis
CO,33,16,0,33.3,18.2,12.1,28.0,6.2,0.0,2.062,0.0,city,Littleton
MS,68,34,2,35.3,5.9,4.4,27.0,5.9,0.0,2.0,0.0588,state,
HI,134,67,1,38.1,11.9,3.7,29.0,4.5,0.0,2.0,0.0149,state,
OH,66,33,1,39.4,15.2,13.6,26.0,0.0,0.0,2.0,0.0303,city,Columbus
AZ,32,16,0,46.9,21.9,18.8,29.0,6.2,0.0,2.0,0.0,city,Tempe
KY,40,20,1,37.5,30.0,15.0,28.0,0.0,0.0,2.0,0.05,city,Louisville
WA,36,18,0,27.8,16.7,8.3,21.0,0.0,0.0,2.0,0.0,city,Vancouver
MA,42,21,0,59.5,45.2,42.9,38.0,0.0,0.0,2.0,0.0,city,Boston
MI,358,180,8,34.1,17.3,12.3,27.0,3.3,0.0,1.989,0.0444,state,
AZ,119,60,0,38.7,13.4,9.2,28.0,3.3,0.0,1.983,0.0,city,Phoenix
WI,309,156,8,34.0,12.0,8.7,26.0,1.3,0.0,1.981,0.0513,state,
CA,99,50,0,36.4,11.1,10.1,28.0,2.0,0.0,1.98,0.0,city,Sacramento
ID,99,50,2,37.4,10.1,5.1,28.0,0.0,0.0,1.98,0.04,state,
NE,93,47,1,24.7,7.5,4.3,25.0,4.3,0.0,1.979,0.0213,state,
NJ,443,224,5,37.2,11.7,8.1,29.0,3.1,0.0,1.978,0.0223,state,
MA,409,207,5,60.6,42.8,39.9,46.0,0.5,0.0,1.976,0.0242,state,
UT,150,76,1,35.3,12.7,6.7,28.0,1.3,0.0,1.974,0.0132,state,
GA,67,34,1,29.9,13.4,9.0,23.0,0.0,0.0,1.971,0.0294,city,Atlanta
AZ,67,34,0,37.3,11.9,9.0,26.0,0.0,0.0,1.971,0.0,city,Tucson
IA,122,62,2,28.7,12.3,6.6,26.0,3.2,0.0,1.968,0.0323,state,
CA,59,30,1,27.1,5.1,3.4,26.0,3.3,0.0,1.967,0.0333,city,San Francisco
MN,228,116,2,33.8,13.6,7.0,26.0,1.7,0.0,1.966,0.0172,state,
NY,277,141,0,35.0,12.6,5.8,29.0,2.1,0.0,1.965,0.0,city,New York
FL,53,27,0,35.8,11.3,11.3,25.0,7.4,0.0,1.963,0.0,city,Jacksonville
NM,145,74,0,33.8,13.1,9.7,28.0,2.7,0.0,1.959,0.0,state,
OR,329,168,7,37.1,13.4,10.6,26.0,2.4,0.0,1.958,0.0417,state,
NY,1014,518,10,37.2,13.8,8.1,29.0,1.7,0.0,1.958,0.0193,state,
PA,43,22,2,37.2,16.3,14.0,29.0,0.0,0.0,1.955,0.0909,city,Philadelphia
AZ,551,282,2,34.1,14.2,9.3,26.0,1.8,0.0,1.954,0.0071,state,
CA,41,21,0,36.6,14.6,7.3,30.0,0.0,0.0,1.952,0.0,city,Anaheim
NY,39,20,0,41.0,23.1,7.7,29.0,0.0,0.0,1.95,0.0,city,Buffalo
TN,300,154,4,36.3,15.3,12.0,26.0,2.6,0.0,1.948,0.026,state,
CA,37,19,0,21.6,2.7,0.0,26.0,0.0,0.0,1.947,0.0,city,Stockton
VA,37,19,0,48.6,16.2,10.8,29.0,0.0,0.0,1.947,0.0,city,Virginia Beach
CA,37,19,0,35.1,0.0,0.0,27.0,0.0,0.0,1.947,0.0,city,Modesto
AZ,35,18,0,42.9,17.1,17.1,28.0,0.0,0.0,1.944,0.0,city,Chandler
TN,35,18,1,37.1,11.4,5.7,28.0,0.0,0.0,1.944,0.0556,city,Nashville
NE,35,18,0,22.9,8.6,5.7,25.0,11.1,0.0,1.944,0.0,city,Omaha
NV,138,71,0,29.0,10.9,6.5,25.0,1.4,0.0,1.944,0.0,city,Las Vegas
WA,678,349,14,33.2,12.2,7.4,26.0,1.1,0.0,1.943,0.0401,state,
NM,66,34,0,25.8,10.6,6.1,26.0,2.9,0.0,1.941,0.0,city,Albuquerque
CA,95,49,0,34.7,21.1,10.5,29.0,0.0,0.0,1.939,0.0,city,San Jose
GA,453,234,5,33.8,13.0,8.4,28.0,2.6,0.0,1.936,0.0214,state,
MO,29,15,0,31.0,27.6,24.1,28.0,6.7,0.0,1.933,0.0,city,Kansas City
CO,56,29,0,26.8,10.7,5.4,26.0,0.0,0.0,1.931,0.0,city,Colorado Springs
MO,253,131,0,32.0,15.4,9.5,26.0,2.3,0.0,1.931,0.0,state,
FL,1227,636,16,35.3,12.9,9.3,26.0,1.9,0.0,1.929,0.0252,state,
PA,553,287,12,30.2,13.2,8.7,27.0,2.8,0.0,1.927,0.0418,state,
NV,291,151,2,34.4,13.7,9.3,25.0,1.3,0.0,1.927,0.0132,state,
KS,131,68,0,38.9,14.5,10.7,26.0,4.4,0.0,1.926,0.0,state,
TX,104,54,0,26.9,14.4,10.6,25.0,3.7,0.0,1.926,0.0,city,Dallas
AZ,50,26,1,26.0,8.0,4.0,24.0,0.0,0.0,1.923,0.0385,city,Mesa
IL,884,460,14,36.0,13.5,8.0,28.0,2.4,0.0,1.922,0.0304,state,
VA,574,299,4,32.8,15.7,7.7,25.0,2.0,0.0,1.92,0.0134,state,
OH,503,262,9,30.8,14.1,8.3,27.0,2.3,0.0,1.92,0.0344,state,
DC,71,37,1,35.2,16.9,15.5,28.0,2.7,0.0,1.919,0.027,city,Washington
DC,71,37,1,35.2,16.9,15.5,28.0,2.7,0.0,1.919,0.027,state,
CA,140,73,1,40.0,13.6,8.6,28.0,2.7,0.0,1.918,0.0137,city,San Diego
TX,180,94,0,35.0,12.2,8.9,26.0,0.0,0.0,1.915,0.0,city,Houston
TX,90,47,0,40.0,14.4,6.7,29.0,2.1,0.0,1.915,0.0,city,Austin
NC,521,272,4,37.2,19.4,12.5,26.0,2.2,0.0,1.915,0.0147,state,
OH,44,23,1,29.5,18.2,6.8,27.0,0.0,0.0,1.913,0.0435,city,Cincinnati
WA,88,46,0,30.7,5.7,4.5,20.0,4.3,0.0,1.913,0.0,city,Seattle
CO,455,238,0,31.6,12.5,8.1,26.0,1.3,0.0,1.912,0.0,state,
OR,86,45,0,37.2,10.5,7.0,26.0,2.2,0.0,1.911,0.0,city,Portland
HI,42,22,0,28.6,11.9,4.8,29.0,0.0,0.0,1.909,0.0,city,Honolulu
MD,328,172,2,34.5,14.9,10.4,26.0,1.7,0.0,1.907,0.0116,state,
CT,206,108,3,30.6,10.7,8.7,24.0,0.9,0.0,1.907,0.0278,state,
NC,82,43,0,31.7,19.5,14.6,26.0,0.0,0.0,1.907,0.0,city,Charlotte
PA,61,32,1,19.7,11.5,8.2,24.0,0.0,0.0,1.906,0.0312,city,Pittsburgh
WI,40,21,0,27.5,7.5,10.0,23.0,0.0,0.0,1.905,0.0,city,Milwaukee
IN,358,188,5,34.1,17.3,11.7,27.0,2.7,0.0,1.904,0.0266,state,
TX,1824,959,5,35.6,15.1,9.9,27.0,1.4,0.0,1.902,0.0052,state,
CA,4083,2148,13,33.7,12.3,7.3,27.0,1.2,0.0,1.901,0.0061,state,
LA,150,79,2,31.3,8.7,4.0,26.0,2.5,0.0,1.899,0.0253,state,
MN,36,19,0,38.9,16.7,11.1,26.0,0.0,0.0,1.895,0.0,city,Saint Paul
FL,72,38,2,41.7,18.1,16.7,28.0,0.0,0.0,1.895,0.0526,city,Orlando
CA,70,37,1,38.6,11.4,10.0,28.0,0.0,0.0,1.892,0.027,city,Bakersfield
KY,166,88,1,41.6,25.9,15.1,28.0,0.0,0.0,1.886,0.0114,state,
FL,49,26,1,26.5,18.4,10.2,25.0,0.0,0.0,1.885,0.0385,city,Tampa
FL,113,60,1,28.3,11.5,8.0,23.0,5.0,0.0,1.883,0.0167,city,Miami
WA,32,17,1,37.5,12.5,12.5,28.0,0.0,0.0,1.882,0.0588,city,Tacoma
CA,173,92,0,35.3,12.1,6.4,29.0,2.2,0.0,1.88,0.0,city,Los Angeles
MO,62,33,0,30.6,12.9,11.3,25.0,0.0,0.0,1.879,0.0,city,Saint Louis
TX,30,16,0,23.3,3.3,3.3,18.5,0.0,0.0,1.875,0.0,city,Plano
AR,105,56,0,32.4,14.3,8.6,29.0,3.6,0.0,1.875,0.0,state,
CA,75,40,2,24.0,9.3,6.7,26.0,5.0,0.0,1.875,0.05,city,Fresno
IL,202,108,1,40.6,12.4,6.9,29.0,1.9,0.0,1.87,0.0093,city,Chicago
MN,43,23,0,34.9,16.3,4.7,26.0,0.0,0.0,1.87,0.0,city,Minneapolis
AZ,43,23,0,16.3,7.0,2.3,22.0,4.3,0.0,1.87,0.0,city,Scottsdale
CA,28,15,0,21.4,14.3,10.7,22.5,0.0,0.0,1.867,0.0,city,Torrance
SC,295,158,1,34.2,13.6,9.5,26.0,1.3,0.0,1.867,0.0063,state,
VA,28,15,0,25.0,10.7,3.6,22.0,0.0,0.0,1.867,0.0,city,Richmond
NY,28,15,0,35.7,14.3,10.7,24.0,0.0,0.0,1.867,0.0,city,Rochester
CA,41,22,0,39.0,7.3,7.3,25.0,0.0,0.0,1.864,0.0,city,Riverside
OK,175,94,3,30.9,16.6,8.6,25.0,0.0,0.0,1.862,0.0319,state,
OH,39,21,0,48.7,28.2,15.4,29.0,0.0,0.0,1.857,0.0,city,Cleveland
TX,117,63,0,24.8,6.0,3.4,28.0,6.3,0.0,1.857,0.0,city,San Antonio
CO,85,46,0,37.6,12.9,8.2,28.0,0.0,0.0,1.848,0.0,city,Denver
WV,61,33,2,34.4,14.8,9.8,27.0,3.0,0.0,1.848,0.0606,state,
CA,35,19,0,40.0,8.6,8.6,30.0,0.0,0.0,1.842,0.0,city,Irvine
TX,35,19,0,45.7,20.0,14.3,29.0,5.3,0.0,1.842,0.0,city,Spring
CA,35,19,0,17.1,8.6,2.9,27.0,0.0,0.0,1.842,0.0,city,Long Beach
NV,46,25,0,50.0,17.4,10.9,32.0,0.0,0.0,1.84,0.0,city,Reno
AL,178,97,1,37.6,17.4,11.2,27.0,2.1,0.0,1.835,0.0103,state,
CO,33,18,0,39.4,12.1,12.1,26.0,0.0,0.0,1.833,0.0,city,Aurora
IN,64,35,0,45.3,25.0,21.9,30.0,0.0,0.0,1.829,0.0,city,Indianapolis
CA,31,17,0,25.8,12.9,12.9,23.0,0.0,0.0,1.824,0.0,city,Chula Vista
NY,71,39,0,33.8,11.3,8.5,29.0,5.1,0.0,1.821,0.0,city,Brooklyn
TX,74,41,0,44.6,21.6,14.9,29.5,0.0,0.0,1.805,0.0,city,Fort Worth
OK,45,25,0,31.1,17.8,11.1,25.0,0.0,0.0,1.8,0.0,city,Oklahoma City
OK,27,15,1,44.4,18.5,18.5,28.0,0.0,0.0,1.8,0.0667,city,Tulsa
FL,48,27,1,20.8,0.0,2.1,21.5,3.7,0.0,1.778,0.037,city,Fort Lauderdale
NC,39,22,1,38.5,20.5,7.7,25.0,0.0,0.0,1.773,0.0455,city,Raleigh
TX,53,30,0,39.6,13.2,9.4,26.0,0.0,0.0,1.767,0.0,city,El Paso
KY,30,17,0,43.3,26.7,13.3,29.5,0.0,0.0,1.765,0.0,city,Lexington
CA,30,17,0,33.3,13.3,0.0,26.5,0.0,0.0,1.765,0.0,city,Ontario
