state,unemployment_rate,unemployment_rate_period,unemployment_rate_12m_change_pp,lsr_employment_q1_2026,lsr_employment_yoy_pct,lsr_avg_weekly_wage_q1_2026,lsr_avg_weekly_wage_yoy_pct,qcew_disclosure_code,state_minimum_wage,binding_statewide_minimum_wage,source_date
AK,4.3,2026-08,-0.3,6605,-1.0,512,2.8,,14.0,14.0,"LAUS latest month; QCEW 2026Q1 (NAICS 722513, private); DOL min wage eff. 2026-07-01"
AL,3.4,2026-08,0.6,84155,0.7,395,4.8,,7.25,7.25,"LAUS latest month; QCEW 2026Q1 (NAICS 722513, private); DOL min wage eff. 2026-07-01"
AR,3.9,2026-08,-0.3,47855,-0.5,366,3.4,,11.0,11.0,"LAUS latest month; QCEW 2026Q1 (NAICS 722513, private); DOL min wage eff. 2026-07-01"
AZ,4.9,2026-08,0.5,107532,-0.2,510,4.7,,15.15,15.15,"LAUS latest month; QCEW 2026Q1 (NAICS 722513, private); DOL min wage eff. 2026-07-01"
CA,5.1,2026-08,-0.4,554137,0.6,598,6.0,,16.9,16.9,"LAUS latest month; QCEW 2026Q1 (NAICS 722513, private); DOL min wage eff. 2026-07-01"
CO,4.0,2026-08,0.1,84235,-1.9,530,5.0,,15.16,15.16,"LAUS latest month; QCEW 2026Q1 (NAICS 722513, private); DOL min wage eff. 2026-07-01"
CT,5.1,2026-08,1.0,33395,1.4,517,3.6,,16.94,16.94,"LAUS latest month; QCEW 2026Q1 (NAICS 722513, private); DOL min wage eff. 2026-07-01"
DC,5.7,2026-08,-0.8,10576,0.1,628,-19.2,,18.4,18.4,"LAUS latest month; QCEW 2026Q1 (NAICS 722513, private); DOL min wage eff. 2026-07-01"
DE,4.7,2026-08,-0.3,11772,1.5,461,1.1,,15.0,15.0,"LAUS latest month; QCEW 2026Q1 (NAICS 722513, private); DOL min wage eff. 2026-07-01"
FL,4.5,2026-08,0.5,282599,0.0,504,5.7,,14.0,14.0,"LAUS latest month; QCEW 2026Q1 (NAICS 722513, private); DOL min wage eff. 2026-07-01"
GA,3.2,2026-08,-0.2,174511,0.5,409,2.2,,7.25,7.25,"LAUS latest month; QCEW 2026Q1 (NAICS 722513, private); DOL min wage eff. 2026-07-01"
HI,2.7,2026-08,0.6,21509,0.8,585,6.4,,16.0,16.0,"LAUS latest month; QCEW 2026Q1 (NAICS 722513, private); DOL min wage eff. 2026-07-01"
IA,3.2,2026-08,-0.3,40107,-1.6,372,3.9,,7.25,7.25,"LAUS latest month; QCEW 2026Q1 (NAICS 722513, private); DOL min wage eff. 2026-07-01"
ID,3.6,2026-08,0.0,28023,2.9,393,4.5,,7.25,7.25,"LAUS latest month; QCEW 2026Q1 (NAICS 722513, private); DOL min wage eff. 2026-07-01"
IL,4.7,2026-08,0.4,167004,0.8,478,4.8,,15.0,15.0,"LAUS latest month; QCEW 2026Q1 (NAICS 722513, private); DOL min wage eff. 2026-07-01"
IN,3.3,2026-08,-0.4,101549,0.9,386,3.2,,7.25,7.25,"LAUS latest month; QCEW 2026Q1 (NAICS 722513, private); DOL min wage eff. 2026-07-01"
KS,3.8,2026-08,0.1,42539,0.1,392,4.8,,7.25,7.25,"LAUS latest month; QCEW 2026Q1 (NAICS 722513, private); DOL min wage eff. 2026-07-01"
KY,4.7,2026-08,0.2,74475,0.1,402,1.5,,7.25,7.25,"LAUS latest month; QCEW 2026Q1 (NAICS 722513, private); DOL min wage eff. 2026-07-01"
LA,4.2,2026-08,0.0,67977,0.0,370,3.1,,7.25,7.25,"LAUS latest month; QCEW 2026Q1 (NAICS 722513, private); DOL min wage eff. 2026-07-01"
MA,4.3,2026-08,-0.2,65257,0.8,550,1.3,,15.0,15.0,"LAUS latest month; QCEW 2026Q1 (NAICS 722513, private); DOL min wage eff. 2026-07-01"
MD,4.1,2026-08,-0.2,76148,0.6,494,3.1,,15.0,15.0,"LAUS latest month; QCEW 2026Q1 (NAICS 722513, private); DOL min wage eff. 2026-07-01"
ME,3.2,2026-08,-0.1,11833,0.4,482,-0.8,,15.1,15.1,"LAUS latest month; QCEW 2026Q1 (NAICS 722513, private); DOL min wage eff. 2026-07-01"
MI,5.0,2026-08,0.1,129484,0.8,429,5.4,,13.73,13.73,"LAUS latest month; QCEW 2026Q1 (NAICS 722513, private); DOL min wage eff. 2026-07-01"
MN,4.4,2026-08,0.5,68024,-0.6,436,2.3,,11.41,11.41,"LAUS latest month; QCEW 2026Q1 (NAICS 722513, private); DOL min wage eff. 2026-07-01"
MO,3.5,2026-08,-0.5,90121,0.5,425,6.5,,15.0,15.0,"LAUS latest month; QCEW 2026Q1 (NAICS 722513, private); DOL min wage eff. 2026-07-01"
MS,3.4,2026-08,-0.3,49937,-1.0,334,2.5,,7.25,7.25,"LAUS latest month; QCEW 2026Q1 (NAICS 722513, private); DOL min wage eff. 2026-07-01"
MT,3.2,2026-08,-0.2,13379,1.7,449,6.1,,10.85,10.85,"LAUS latest month; QCEW 2026Q1 (NAICS 722513, private); DOL min wage eff. 2026-07-01"
NC,3.5,2026-08,-0.4,171312,1.4,405,3.3,,7.25,7.25,"LAUS latest month; QCEW 2026Q1 (NAICS 722513, private); DOL min wage eff. 2026-07-01"
ND,2.2,2026-08,-0.4,9845,1.8,408,-0.2,,7.25,7.25,"LAUS latest month; QCEW 2026Q1 (NAICS 722513, private); DOL min wage eff. 2026-07-01"
NE,2.9,2026-08,0.0,29153,-0.1,404,6.9,,15.0,15.0,"LAUS latest month; QCEW 2026Q1 (NAICS 722513, private); DOL min wage eff. 2026-07-01"
NH,2.8,2026-08,-0.3,13929,-1.0,520,1.0,,7.25,7.25,"LAUS latest month; QCEW 2026Q1 (NAICS 722513, private); DOL min wage eff. 2026-07-01"
NJ,4.3,2026-08,-1.2,82822,1.2,506,0.6,,15.92,15.92,"LAUS latest month; QCEW 2026Q1 (NAICS 722513, private); DOL min wage eff. 2026-07-01"
NM,4.7,2026-08,0.6,32282,0.3,439,2.8,,12.0,12.0,"LAUS latest month; QCEW 2026Q1 (NAICS 722513, private); DOL min wage eff. 2026-07-01"
NV,4.8,2026-08,-0.4,52769,0.7,494,3.6,,12.0,12.0,"LAUS latest month; QCEW 2026Q1 (NAICS 722513, private); DOL min wage eff. 2026-07-01"
NY,4.3,2026-08,-0.2,180582,-2.2,543,1.9,,17.0,17.0,"LAUS latest month; QCEW 2026Q1 (NAICS 722513, private); DOL min wage eff. 2026-07-01"
OH,3.3,2026-08,-1.1,186848,-0.8,393,2.9,,11.0,11.0,"LAUS latest month; QCEW 2026Q1 (NAICS 722513, private); DOL min wage eff. 2026-07-01"
OK,4.3,2026-08,0.9,65527,0.9,389,4.3,,7.25,7.25,"LAUS latest month; QCEW 2026Q1 (NAICS 722513, private); DOL min wage eff. 2026-07-01"
OR,5.1,2026-08,-0.2,54547,-0.8,490,3.2,,15.55,15.55,"LAUS latest month; QCEW 2026Q1 (NAICS 722513, private); DOL min wage eff. 2026-07-01"
PA,3.7,2026-08,-0.7,132230,0.6,405,2.3,,7.25,7.25,"LAUS latest month; QCEW 2026Q1 (NAICS 722513, private); DOL min wage eff. 2026-07-01"
RI,3.7,2026-08,-0.6,11259,1.2,505,2.9,,16.0,16.0,"LAUS latest month; QCEW 2026Q1 (NAICS 722513, private); DOL min wage eff. 2026-07-01"
SC,4.1,2026-08,-0.5,82247,1.1,400,3.4,,7.25,7.25,"LAUS latest month; QCEW 2026Q1 (NAICS 722513, private); DOL min wage eff. 2026-07-01"
SD,2.0,2026-08,-0.1,12610,0.9,397,4.2,,11.85,11.85,"LAUS latest month; QCEW 2026Q1 (NAICS 722513, private); DOL min wage eff. 2026-07-01"
TN,3.4,2026-08,-0.1,114628,1.5,429,3.6,,7.25,7.25,"LAUS latest month; QCEW 2026Q1 (NAICS 722513, private); DOL min wage eff. 2026-07-01"
TX,4.4,2026-08,0.2,511736,-0.6,434,2.1,,7.25,7.25,"LAUS latest month; QCEW 2026Q1 (NAICS 722513, private); DOL min wage eff. 2026-07-01"
UT,3.5,2026-08,-0.1,58598,1.9,410,3.8,,7.25,7.25,"LAUS latest month; QCEW 2026Q1 (NAICS 722513, private); DOL min wage eff. 2026-07-01"
VA,3.6,2026-08,0.3,118179,-0.4,446,4.0,,12.77,12.77,"LAUS latest month; QCEW 2026Q1 (NAICS 722513, private); DOL min wage eff. 2026-07-01"
VT,2.6,2026-08,0.0,5707,-0.8,502,1.4,,14.42,14.42,"LAUS latest month; QCEW 2026Q1 (NAICS 722513, private); DOL min wage eff. 2026-07-01"
WA,4.9,2026-08,0.3,81490,0.9,556,5.3,,17.13,17.13,"LAUS latest month; QCEW 2026Q1 (NAICS 722513, private); DOL min wage eff. 2026-07-01"
WI,3.2,2026-08,0.1,68704,-1.0,390,3.4,,7.25,7.25,"LAUS latest month; QCEW 2026Q1 (NAICS 722513, private); DOL min wage eff. 2026-07-01"
WV,4.0,2026-08,-0.3,23518,-0.8,370,3.4,,8.75,8.75,"LAUS latest month; QCEW 2026Q1 (NAICS 722513, private); DOL min wage eff. 2026-07-01"
WY,3.0,2026-08,-0.3,7397,2.4,395,4.8,,5.15,7.25,"LAUS latest month; QCEW 2026Q1 (NAICS 722513, private); DOL min wage eff. 2026-07-01"
