original_url,job_id,archived_timestamp,archived_url,fetch_status,job_title,posting_date,valid_through,location,parse_quality,store_number,store_name,role,appeared_active
https://apply.starbucks.com/careers/job/481077210784-barista-store-00702-dupont-circle-1501-connecticut-ave-nw-washington-district-of-columbia-united-states?domain=starbucks.com,481077210784,20260418223204,https://web.archive.org/web/20260418223204/https://apply.starbucks.com/careers/job/481077210784-barista-store-00702-dupont-circle-1501-connecticut-ave-nw-washington-district-of-columbia-united-states?domain=starbucks.com,ok,"barista - Store# 00702, DUPONT CIRCLE",2026-03-15T04:00:00,2026-09-11T04:00:00,"Washington, DC,US",jsonld_jobposting,00702,DUPONT CIRCLE,barista,True
https://apply.starbucks.com/careers/job/481065893972-barista-store-09886-the-summit-at-sierra-13981-s-virginia-street-400-reno-nevada-united-states?domain=starbucks.com,481065893972,20250620112018,https://web.archive.org/web/20250620112018/https://apply.starbucks.com/careers/job/481065893972-barista-store-09886-the-summit-at-sierra-13981-s-virginia-street-400-reno-nevada-united-states?domain=starbucks.com,ok,"barista - Store# 09886, THE SUMMIT AT SIERRA | Careers at Starbucks",,,,title_only,09886,THE SUMMIT AT SIERRA,barista,True
https://apply.starbucks.com/careers/job/481077314510-barista-store-02588-oxford-miami-university-19-east-high-street-oxford-ohio-united-states?domain=starbucks.com,481077314510,20260415140027,https://web.archive.org/web/20260415140027/https://apply.starbucks.com/careers/job/481077314510-barista-store-02588-oxford-miami-university-19-east-high-street-oxford-ohio-united-states?domain=starbucks.com,ok,"barista - Store# 02588, OXFORD - MIAMI UNIVERSITY",2026-03-19T04:00:00,2026-09-15T04:00:00,"Oxford, OH,US",jsonld_jobposting,02588,OXFORD - MIAMI UNIVERSITY,barista,True
https://apply.starbucks.com/careers/job/481065893412-shift-supervisor-store-09787-morgantown-1109-van-voorhis-rd-former-united-bank-morgantown-west-virginia-united-states?domain=starbucks.com,481065893412,20251211031612,https://web.archive.org/web/20251211031612/https://apply.starbucks.com/careers/job/481065893412-shift-supervisor-store-09787-morgantown-1109-van-voorhis-rd-former-united-bank-morgantown-west-virginia-united-states?domain=starbucks.com,ok,Careers at Starbucks Coffee Company,,,,title_only,,,careers at starbucks coffee company,True
https://apply.starbucks.com/careers/job/481074399229-shift-supervisor-store-80848-50th-street-may-5201-n-may-ave-suite-101-oklahoma-city-oklahoma-united-states?domain=starbucks.com,481074399229,20260412095229,https://web.archive.org/web/20260412095229/https://apply.starbucks.com/careers/job/481074399229-shift-supervisor-store-80848-50th-street-may-5201-n-may-ave-suite-101-oklahoma-city-oklahoma-united-states?domain=starbucks.com,ok,Careers at Starbucks Coffee Company,,,,title_only,,,careers at starbucks coffee company,True
https://apply.starbucks.com/careers/job/481077041995-shift-supervisor-store-13674-westchester-commons-15605-wc-commons-way-westchester-commons-bldg-10-midlothian-virginia-united-states?domain=starbucks.com,481077041995,20260417000421,https://web.archive.org/web/20260417000421/https://apply.starbucks.com/careers/job/481077041995-shift-supervisor-store-13674-westchester-commons-15605-wc-commons-way-westchester-commons-bldg-10-midlothian-virginia-united-states?domain=starbucks.com,ok,"shift supervisor - Store# 13674, WESTCHESTER COMMONS",2026-03-05T05:00:00,2026-09-01T05:00:00,"Midlothian, VA,US",jsonld_jobposting,13674,WESTCHESTER COMMONS,shift supervisor,True
https://apply.starbucks.com/careers/job/481078088655-store-manager-south-orange-new-jersey-united-states?domain=starbucks.com,481078088655,20260511093835,https://web.archive.org/web/20260511093835/https://apply.starbucks.com/careers/job/481078088655-store-manager-south-orange-new-jersey-united-states?domain=starbucks.com,ok,store manager,2026-04-28T20:56:21,2026-10-25T20:56:21,"South Orange, NJ,US",jsonld_jobposting,,,store manager,True
https://apply.starbucks.com/careers/job/481078442911-store-manager-seagoville-texas-united-states?domain=starbucks.com,481078442911,20260611034833,https://web.archive.org/web/20260611034833/https://apply.starbucks.com/careers/job/481078442911-store-manager-seagoville-texas-united-states?domain=starbucks.com,ok,store manager,2026-05-28T17:37:38,2026-11-24T17:37:38,"Seagoville, TX,US",jsonld_jobposting,,,store manager,True
https://apply.starbucks.com/careers/job/481078118759-store-manager-fort-worth-texas-united-states?domain=starbucks.com,481078118759,20260511001008,https://web.archive.org/web/20260511001008/https://apply.starbucks.com/careers/job/481078118759-store-manager-fort-worth-texas-united-states?domain=starbucks.com,ok,store manager,2026-04-30T20:01:13,2026-10-27T20:01:13,"Fort Worth, TX,US",jsonld_jobposting,,,store manager,True
https://apply.starbucks.com/careers/job/481078299413-district-manager-las-vegas-las-vegas-nevada-united-states?domain=starbucks.com,481078299413,20260612054246,https://web.archive.org/web/20260612054246/https://apply.starbucks.com/careers/job/481078299413-district-manager-las-vegas-las-vegas-nevada-united-states?domain=starbucks.com,ok,Careers at Starbucks Coffee Company,,,,title_only,,,careers at starbucks coffee company,True
