original_url,queried_url,job_id,store_number,reason,query_status,capture_status,archived_timestamp,archived_url,http_status,mime_type,digest,length
https://apply.starbucks.com/careers/job/481079230147,apply.starbucks.com/careers/job/481079230147,260053048,07878,oldest active retail posting,ok,no_captures,,,,,,
https://apply.starbucks.com/careers/job/481079230147,starbucks.eightfold.ai/careers/job/481079230147,260053048,07878,oldest active retail posting,ok,no_captures,,,,,,
https://apply.starbucks.com/careers/job/481079230131,apply.starbucks.com/careers/job/481079230131,260053028,08812,oldest active retail posting,ok,no_captures,,,,,,
https://apply.starbucks.com/careers/job/481079230131,starbucks.eightfold.ai/careers/job/481079230131,260053028,08812,oldest active retail posting,ok,no_captures,,,,,,
https://apply.starbucks.com/careers/job/481079230106,apply.starbucks.com/careers/job/481079230106,260053008,07244,oldest active retail posting,ok,no_captures,,,,,,
https://apply.starbucks.com/careers/job/481079230106,starbucks.eightfold.ai/careers/job/481079230106,260053008,07244,oldest active retail posting,ok,no_captures,,,,,,
https://apply.starbucks.com/careers/job/481079230065,apply.starbucks.com/careers/job/481079230065,260052976,07282,oldest active retail posting,ok,no_captures,,,,,,
https://apply.starbucks.com/careers/job/481079230065,starbucks.eightfold.ai/careers/job/481079230065,260052976,07282,oldest active retail posting,ok,no_captures,,,,,,
https://apply.starbucks.com/careers/job/481079230288,apply.starbucks.com/careers/job/481079230288,260053180,16255,oldest active retail posting,ok,no_captures,,,,,,
https://apply.starbucks.com/careers/job/481079230288,starbucks.eightfold.ai/careers/job/481079230288,260053180,16255,oldest active retail posting,ok,no_captures,,,,,,
https://apply.starbucks.com/careers/job/481079230144,apply.starbucks.com/careers/job/481079230144,260053041,50622,oldest active retail posting,ok,no_captures,,,,,,
https://apply.starbucks.com/careers/job/481079230144,starbucks.eightfold.ai/careers/job/481079230144,260053041,50622,oldest active retail posting,ok,no_captures,,,,,,
https://apply.starbucks.com/careers/job/481081007145,apply.starbucks.com/careers/job/481081007145,260079610,,leadership posting,ok,no_captures,,,,,,
https://apply.starbucks.com/careers/job/481081007145,starbucks.eightfold.ai/careers/job/481081007145,260079610,,leadership posting,ok,no_captures,,,,,,
https://apply.starbucks.com/careers/job/481079464084,apply.starbucks.com/careers/job/481079464084,260055818,,store with unusual role set / same-role duplicates,ok,no_captures,,,,,,
https://apply.starbucks.com/careers/job/481079464084,starbucks.eightfold.ai/careers/job/481079464084,260055818,,store with unusual role set / same-role duplicates,ok,no_captures,,,,,,
https://apply.starbucks.com/careers/job/481079464479,apply.starbucks.com/careers/job/481079464479,260055823,,store with unusual role set / same-role duplicates,ok,no_captures,,,,,,
https://apply.starbucks.com/careers/job/481079464479,starbucks.eightfold.ai/careers/job/481079464479,260055823,,store with unusual role set / same-role duplicates,ok,no_captures,,,,,,
https://apply.starbucks.com/careers/job/481079464675,apply.starbucks.com/careers/job/481079464675,260055831,,store with unusual role set / same-role duplicates,ok,no_captures,,,,,,
https://apply.starbucks.com/careers/job/481079464675,starbucks.eightfold.ai/careers/job/481079464675,260055831,,store with unusual role set / same-role duplicates,ok,no_captures,,,,,,
https://apply.starbucks.com/careers/job/481079464670,apply.starbucks.com/careers/job/481079464670,260055827,,store with unusual role set / same-role duplicates,ok,no_captures,,,,,,
https://apply.starbucks.com/careers/job/481079464670,starbucks.eightfold.ai/careers/job/481079464670,260055827,,store with unusual role set / same-role duplicates,ok,no_captures,,,,,,
https://apply.starbucks.com/careers/job/481079724272,apply.starbucks.com/careers/job/481079724272,260058003,,store with unusual role set / same-role duplicates,ok,no_captures,,,,,,
https://apply.starbucks.com/careers/job/481079724272,starbucks.eightfold.ai/careers/job/481079724272,260058003,,store with unusual role set / same-role duplicates,ok,no_captures,,,,,,
https://apply.starbucks.com/careers/job/481080813722,apply.starbucks.com/careers/job/481080813722,260074062,07244,standard multi-posting store (control),ok,no_captures,,,,,,
https://apply.starbucks.com/careers/job/481080813722,starbucks.eightfold.ai/careers/job/481080813722,260074062,07244,standard multi-posting store (control),ok,no_captures,,,,,,
https://apply.starbucks.com/careers/job/481080820095,apply.starbucks.com/careers/job/481080820095,260074479,07282,standard multi-posting store (control),ok,no_captures,,,,,,
https://apply.starbucks.com/careers/job/481080820095,starbucks.eightfold.ai/careers/job/481080820095,260074479,07282,standard multi-posting store (control),ok,no_captures,,,,,,
https://apply.starbucks.com/careers/job/481081085130,apply.starbucks.com/careers/job/481081085130,260080458,,non-retail control,ok,no_captures,,,,,,
https://apply.starbucks.com/careers/job/481081085130,starbucks.eightfold.ai/careers/job/481081085130,260080458,,non-retail control,ok,no_captures,,,,,,
https://apply.starbucks.com/careers/job/481078119968,apply.starbucks.com/careers/job/481078119968,260032463,,non-retail control,ok,captured,20260516103013,https://web.archive.org/web/20260516103013/https://apply.starbucks.com/careers/job/481078119968,200,text/html,4M5MP6L7VTVLJCJ4A3TS3EKXV2J57D37,41598
https://apply.starbucks.com/careers/job/481078119968,starbucks.eightfold.ai/careers/job/481078119968,260032463,,non-retail control,ok,no_captures,,,,,,
