position_id,capture,role_slug,store_number,fetch,t_create,t_update,req,business_unit,department
481055044811,20240109073035,SHIFT_SUPERVISOR,63196,ok,1697376679.0,1704127079.0,230071258,Retail Stores,Shift Supervisor
481056864225,20240227222109,SHIFT_SUPERVISOR,29154,ok,1706881635.0,1706883666.0,240019420,Retail Stores,Shift Supervisor
481056947380,20240223122652,BARISTA,00727,ok,1707313980.0,1707316236.0,240020669,Retail Stores,Barista
481056761361,20240221204020,SHIFT_SUPERVISOR,11889,ok,1706581448.0,1707373569.0,240015926,Retail Stores,Shift Supervisor
481056762639,20240225114341,SHIFT_SUPERVISOR,27700,ok,1706582374.0,1706587652.0,240016975,Retail Stores,Shift Supervisor
481056909258,20240225114301,SHIFT_SUPERVISOR,59538,ok,1707054889.0,1707056842.0,240020175,Retail Stores,Shift Supervisor
481056762616,20240222163725,BARISTA,25601,ok,1706582271.0,1706588126.0,240016857,Retail Stores,Barista
481056946953,20240220230224,BARISTA,05412,ok,1707314058.0,1708409999.0,240020722,Retail Stores,Barista
481056918821,20240226103114,SHIFT_SUPERVISOR,11928,ok,1707140978.0,1707143505.0,240020365,Retail Stores,Shift Supervisor
481056863620,20240221053251,BARISTA,07814,ok,1706881406.0,1706883497.0,240019155,Retail Stores,Barista
481056782636,20240224055233,BARISTA,11047,ok,1706709530.0,1708480173.0,240018628,Retail Stores,Barista
481056909092,20240304080711,BARISTA,09558,ok,1707054634.0,1708322967.0,240019852,Retail Stores,Barista
481056946872,20240304072744,BARISTA,58300,ok,1707314590.0,1709188662.0,240021106,Retail Stores,Barista
481056760669,20240318211415,NO_SLUG,,ok,1706580174.0,1709793275.0,240014419,Retail Stores,Barista
481056864123,20240304071411,BARISTA,10987,ok,1706881490.0,1708409447.0,240019254,Retail Stores,Barista
481056760396,20240318211919,NO_SLUG,,ok,1706580708.0,1709533959.0,240015020,Retail Stores,Barista
481056763915,20240304072647,SHIFT_SUPERVISOR,58166,ok,1706582985.0,1707716929.0,240017656,Retail Stores,Shift Supervisor
481056762758,20240303150101,SHIFT_SUPERVISOR,23730,ok,1706582166.0,1708841792.0,240016738,Retail Stores,Shift Supervisor
481056760130,20240302054622,SHIFT_SUPERVISOR,18034,ok,1706581855.0,1707286715.0,240016389,Retail Stores,Shift Supervisor
481056863666,20240303020611,SHIFT_SUPERVISOR,19826,ok,1706881568.0,1707803178.0,240019344,Retail Stores,Shift Supervisor
481056918824,20240302054917,BARISTA,13715,ok,1707140980.0,1707143480.0,240020367,Retail Stores,Barista
481057544840,20240419224506,BARISTA,10468,ok,1710334117.0,1712472389.0,240028246,Retail Stores,Barista
481057597232,20240417003307,SHIFT_SUPERVISOR,29492,ok,1710506464.0,1710508115.0,240028674,Retail Stores,Shift Supervisor
481057450922,20240414115014,BARISTA,24573,ok,1710161400.0,1710916849.0,240027967,Retail Stores,Barista
481057450920,20240420153609,SHIFT_SUPERVISOR,09491,ok,1710161360.0,1713335901.0,240027924,Retail Stores,Shift Supervisor
481057616338,20240418174622,BARISTA,10702,ok,1710679787.0,1713162484.0,240028997,Retail Stores,Barista
481057122275,20240412211233,BARISTA,00844,ok,1708523115.0,1711175598.0,240024419,Retail Stores,Barista
481057616376,20240419184737,SHIFT_SUPERVISOR,65796,ok,1710679836.0,1710681776.0,240029060,Retail Stores,Shift Supervisor
481057429248,20240416004046,SHIFT_SUPERVISOR,06707,ok,1709905780.0,1712298996.0,240027339,Retail Stores,Shift Supervisor
481057061415,20240419022322,BARISTA,10948,ok,1708091307.0,1712039984.0,240023586,Retail Stores,Barista
481057271155,20240415143903,BARISTA,17020,ok,1708955056.0,1712903694.0,240025663,Retail Stores,Barista
481058732963,20240526003428,BARISTA,62189,ok,1715345547.0,1715346976.0,240047764,Retail Stores,Barista
481058627562,20240525140140,BARISTA,18392,ok,1714999614.0,1715002241.0,240046356,Retail Stores,Barista
481058593456,20240520030030,BARISTA,68847,ok,1714740728.0,1714742897.0,240045679,Retail Stores,Barista
481058620531,20240519200415,SHIFT_SUPERVISOR,07775,ok,1714912974.0,1716014272.0,240045850,Retail Stores,Shift Supervisor
481058751782,20240528073943,SHIFT_SUPERVISOR,25210,ok,1715517825.0,1715520238.0,240048001,Retail Stores,Shift Supervisor
481058751709,20240525102640,BARISTA,62879,ok,1715517860.0,1715520319.0,240048038,Retail Stores,Barista
481058703241,20240519080436,BARISTA,16935,ok,1715173075.0,1716014161.0,240047094,Retail Stores,Barista
481058702841,20240519164200,BARISTA,13648,ok,1715173045.0,1715605393.0,240047060,Retail Stores,Barista
481058786397,20240528083841,SHIFT_SUPERVISOR,66771,ok,1715777623.0,1715779270.0,240049101,Retail Stores,Shift Supervisor
481058786538,20240525151102,BARISTA,07377,ok,1715777331.0,1715779107.0,240048875,Retail Stores,Barista
481058971623,20240619211837,SHIFT_SUPERVISOR,06565,ok,1716382189.0,1718785214.0,240050436,Retail Stores,Shift Supervisor
481058971576,20240619211916,BARISTA,03445,ok,1716382173.0,1717316687.0,240050418,Retail Stores,Barista
481058971544,20240619211609,BARISTA,13253,ok,1716382271.0,1717142913.0,240050504,Retail Stores,Barista
481058843316,20240630035430,BARISTA,67528,ok,1716209222.0,1719044127.0,240050214,Retail Stores,Barista
481058980373,20240619210840,STORE_MANAGER,,ok,1716409784.0,1717920706.0,240050687,Retail Leadership,Store Manager
481059023688,20240617163545,BARISTA,13452,ok,1716727759.0,1717486763.0,240051304,Retail Stores,Barista
481059786214,20240625205516,BARISTA,59335,ok,1717937410.0,1718870991.0,240053728,Retail Stores,Barista
481058971718,20240619211903,BARISTA,05447,ok,1716382177.0,1716384429.0,240050423,Retail Stores,Barista
481059660901,20240619104009,BARISTA,21045,ok,1717159516.0,1718757953.0,240052259,Retail Stores,Barista
481058996128,20240615014528,SHIFT_SUPERVISOR,24499,ok,1716468502.0,1718412613.0,240050747,Retail Stores,Shift Supervisor
481058802406,20240708134630,STORE_MANAGER,,ok,1715895936.0,1719908282.0,240049372,Retail Leadership,Assistant Store Manager
481060077469,20240717215339,SHIFT_SUPERVISOR,82790,ok,1720226528.0,1720486268.0,240057858,Retail Stores,Shift Supervisor
481058739721,20240725070255,STORE_MANAGER,,ok,1715392296.0,1721205090.0,240047894,Retail Leadership,Store Manager
481058758315,20240714155212,BARISTA,65528,ok,1715604838.0,1720686392.0,240048445,Retail Stores,Barista
481058770425,20240712204406,BARISTA,13547,ok,1715691051.0,1719821116.0,240048644,Retail Stores,Barista
481059897584,20240717234554,BARISTA,09540,ok,1718801650.0,1719735615.0,240055400,Retail Stores,Barista
481059935005,20240718043734,SHIFT_SUPERVISOR,08300,ok,1719233331.0,1720687001.0,240055983,Retail Stores,Shift Supervisor
481060188143,20240718074638,SHIFT_SUPERVISOR,00140,ok,1720615892.0,1720617495.0,240058360,Retail Stores,Shift Supervisor
481058733378,20240725070357,SHIFT_SUPERVISOR,71757,ok,1715345597.0,1720064090.0,240047820,Retail Stores,Shift Supervisor
481058812946,20240708134049,BARISTA,06613,ok,1715950180.0,1720063055.0,240049443,Retail Stores,Barista
481060511316,20240804044812,BARISTA,08928,ok,1722041457.0,1722058463.0,240068093,Retail Stores,Barista
481060511983,20240804050019,SHIFT_SUPERVISOR,13526,ok,1722041745.0,1722059408.0,240068428,Retail Stores,Shift Supervisor
481058702886,20240815230515,SHIFT_SUPERVISOR,58388,ok,1715173209.0,1723467805.0,240047243,Retail Stores,Shift Supervisor
481060512021,20240804073718,SHIFT_SUPERVISOR,29212,ok,1722042145.0,1722059035.0,240068861,Retail Stores,Shift Supervisor
481060539601,20240804124026,BARISTA,08609,ok,1722257145.0,1722260252.0,240070282,Retail Stores,Barista
481060570140,20240804041619,SHIFT_SUPERVISOR,10830,ok,1722516721.0,1722518661.0,240071535,Retail Stores,Shift Supervisor
481060539967,20240807051949,BARISTA,63832,ok,1722257489.0,1722260279.0,240070604,Retail Stores,Barista
481060557446,20240804045158,BARISTA,00661,ok,1722430420.0,1722432938.0,240070891,Retail Stores,Barista
481060512132,20240804072533,BARISTA,29136,ok,1722042140.0,1722059086.0,240068856,Retail Stores,Barista
481060557220,20240804134908,SHIFT_SUPERVISOR,24569,ok,1722430724.0,1722432764.0,240071244,Retail Stores,Shift Supervisor
481061207468,20240913010127,SHIFT_SUPERVISOR,11256,ok,1725457191.0,1725463014.0,240079501,Retail Stores,Shift Supervisor
481060003441,20240918081007,STORE_MANAGER,,ok,1719590672.0,1726385499.0,240056679,Retail Leadership,Store Manager
481061226047,20240914203551,BARISTA,68797,ok,1725500841.0,1725505374.0,240079882,Retail Stores,Barista
481061086701,20240907101426,SHIFT_SUPERVISOR,08796,ok,1724762873.0,1725522331.0,240077981,Retail Stores,Shift Supervisor
481060931784,20240915200158,BARISTA,16981,ok,1724071472.0,1725781534.0,240076356,Retail Stores,Barista
481061225671,20240918222817,SHIFT_SUPERVISOR,07960,ok,1725500778.0,1726385987.0,240079808,Retail Stores,Shift Supervisor
481061176835,20240912120850,BARISTA,09722,ok,1725198283.0,1725202931.0,240078837,Retail Stores,Barista
481061225967,20240918221413,BARISTA,06731,ok,1725500823.0,1726041160.0,240079861,Retail Stores,Barista
481061226058,20240914114310,SHIFT_SUPERVISOR,50272,ok,1725500937.0,1726127026.0,240080000,Retail Stores,Shift Supervisor
481060954833,20240912115432,BARISTA,08749,ok,1724244831.0,1724246770.0,240076749,Retail Stores,Barista
481061673000,20241008030205,BARISTA,47566,ok,1727704413.0,1727709072.0,240083832,Retail Stores,Barista
481061452958,20241011125423,BARISTA,05683,ok,1726408032.0,1726989854.0,240081642,Retail Stores,Barista
481061282544,20241008035348,BARISTA,74032,ok,1725802660.0,1728265628.0,240080382,Retail Stores,Barista
481061660649,20241012053911,SHIFT_SUPERVISOR,00216,ok,1727618007.0,1727634115.0,240083527,Retail Stores,Shift Supervisor
481061292454,20241008035242,SHIFT_SUPERVISOR,77065,ok,1725897878.0,1726645021.0,240080623,Retail Stores,Shift Supervisor
481061672763,20241012061541,BARISTA,21588,ok,1727704546.0,1727709019.0,240083961,Retail Stores,Barista
481061256457,20241013141114,BARISTA,67112,ok,1725630247.0,1726903774.0,240080127,Retail Stores,Barista
481061411516,20241004223120,BARISTA,10662,ok,1726148963.0,1726153210.0,240081211,Retail Stores,Barista
481061452820,20241004044131,BARISTA,00206,ok,1726408100.0,1726412550.0,240081726,Retail Stores,Barista
481061452936,20241013230633,BARISTA,14026,ok,1726408003.0,1727681563.0,240081604,Retail Stores,Barista
481062178051,20241113043144,BARISTA,17996,ok,1730122995.0,1730569454.0,240097125,Retail Stores,Barista
481062173882,20241111072611,BARISTA,09566,ok,1730036681.0,1730569595.0,240096709,Retail Stores,Barista
481062113202,20241113051053,SHIFT_SUPERVISOR,21034,ok,1729694312.0,1730570247.0,240094640,Retail Stores,Shift Supervisor
481062177979,20241114095956,SHIFT_SUPERVISOR,02675,ok,1730122818.0,1730532451.0,240096945,Retail Stores,Shift Supervisor
481062156656,20241103143238,BARISTA,65736,ok,1729863976.0,1730570078.0,240095565,Retail Stores,Barista
481062156946,20241110115050,BARISTA,29148,ok,1729864501.0,1730274785.0,240096142,Retail Stores,Barista
481062164263,20241102180933,SHIFT_SUPERVISOR,57684,ok,1729733840.0,1730570188.0,240094776,Retail Stores,Shift Supervisor
481062177935,20241102000201,SHIFT_SUPERVISOR,02866,ok,1730122918.0,1730127943.0,240097046,Retail Stores,Shift Supervisor
481062178214,20241110112516,BARISTA,25812,ok,1730122652.0,1730569654.0,240096777,Retail Stores,Barista
481062136155,20241108041012,BARISTA,67886,ok,1729777222.0,1730188437.0,240095270,Retail Stores,Barista
481062342008,20241212140644,BARISTA,10722,ok,1731336100.0,1732200098.0,240100763,Retail Stores,Barista
481062524521,20241203182048,BARISTA,62530,ok,1732113939.0,1732118690.0,240103061,Retail Stores,Barista
481062436743,20241212032731,BARISTA,69858,ok,1731854496.0,1731859445.0,240102298,Retail Stores,Barista
481062547845,20241213054545,SHIFT_SUPERVISOR,58262,ok,1732545837.0,1732780011.0,240103972,Retail Stores,Shift Supervisor
481062548119,20241213050317,SHIFT_SUPERVISOR,62918,ok,1732545620.0,1733125322.0,240103757,Retail Stores,Shift Supervisor
481062544967,20241212130905,BARISTA,06689,ok,1732459117.0,1733252622.0,240103563,Retail Stores,Barista
481062524477,20241201190024,SHIFT_SUPERVISOR,21296,ok,1732113790.0,1732954227.0,240102911,Retail Stores,Shift Supervisor
481062564430,20241206201212,SHIFT_SUPERVISOR,58420,ok,1732718419.0,1732723449.0,240104199,Retail Stores,Shift Supervisor
481062417878,20241214230107,SHIFT_SUPERVISOR,51649,ok,1731682313.0,1732174571.0,240101666,Retail Stores,Shift Supervisor
481062361644,20241207003013,SHIFT_SUPERVISOR,02708,ok,1731422102.0,1731427280.0,240101061,Retail Stores,Shift Supervisor
481063030646,20250116012824,BARISTA,10735,ok,1735742234.0,1735747582.0,250000072,Retail Stores,Barista
481063075609,20250114020054,BARISTA,02664,ok,1736174591.0,1736179437.0,250000671,Retail Stores,Barista
481062992992,20250114211516,BARISTA,08865,ok,1734878316.0,1734883439.0,240108733,Retail Stores,Barista
481063021369,20250119073301,BARISTA,60568,ok,1735483228.0,1735488529.0,240109532,Retail Stores,Barista
481062661196,20250119225501,BARISTA,68193,ok,1733767889.0,1735527324.0,240106790,Retail Stores,Barista
481062711796,20250114211727,BARISTA,71651,ok,1734273698.0,1735353654.0,240107646,Retail Stores,Barista
481062700744,20250119062639,BARISTA,00206,ok,1734100934.0,1737014143.0,240107436,Retail Stores,Barista
481063051976,20250119072418,BARISTA,54772,ok,1735915263.0,1735920146.0,250000368,Retail Stores,Barista
481063051701,20250114194906,BARISTA,77667,ok,1735915170.0,1735920168.0,250000268,Retail Stores,Barista
481063051819,20250120060509,BARISTA,06670,ok,1735915226.0,1735920071.0,250000326,Retail Stores,Barista
481063383255,20250214082110,SHIFT_SUPERVISOR,78992,ok,1737988828.0,1739288331.0,250012739,Retail Stores,Shift Supervisor
481063378077,20250208183748,BARISTA,08477,ok,1737902740.0,1739002568.0,250012494,Retail Stores,Barista
481063361900,20250215144206,BARISTA,48348,ok,1737729798.0,1739288672.0,250011710,Retail Stores,Barista
481063318254,20250209022845,BARISTA,84324,ok,1737557403.0,1738743478.0,250011296,Retail Stores,Barista
481063377937,20250219010727,SHIFT_SUPERVISOR,03297,ok,1737902559.0,1739242335.0,250012265,Retail Stores,Shift Supervisor
481063361828,20250214090500,BARISTA,27292,ok,1737729772.0,1739288805.0,250011683,Retail Stores,Barista
481063423728,20250218184739,BARISTA,68764,ok,1738162002.0,1739288169.0,250013422,Retail Stores,Barista
481063408254,20250209023240,SHIFT_SUPERVISOR,55650,ok,1738075479.0,1738744346.0,250013113,Retail Stores,Shift Supervisor
481063488396,20250214080422,BARISTA,80848,ok,1738593751.0,1739287910.0,250014859,Retail Stores,Barista
481063378342,20250219080640,SHIFT_SUPERVISOR,51734,ok,1737902519.0,1739288365.0,250012214,Retail Stores,Shift Supervisor
481063789196,20250322004332,SHIFT_SUPERVISOR,06731,ok,1741013298.0,1741022497.0,250020866,Retail Stores,Shift Supervisor
481063696165,20250315232307,SHIFT_SUPERVISOR,60589,ok,1740321658.0,1740326864.0,250019405,Retail Stores,Shift Supervisor
481063586142,20250324195918,BARISTA,24429,ok,1739198592.0,1740297637.0,250016544,Retail Stores,Barista
481063558766,20250318171013,SHIFT_SUPERVISOR,70452,ok,1739112043.0,1741528785.0,250016218,Retail Stores,Shift Manager
481063650728,20250317090046,SHIFT_SUPERVISOR,02863,ok,1739976432.0,1741056257.0,250018767,Retail Stores,Shift Supervisor
481064045847,20250324173617,BARISTA,69259,ok,1741761130.0,1741764391.0,250022603,Retail Stores,Barista
481064007493,20250319190617,SHIFT_SUPERVISOR,71231,ok,1741527679.0,1741532839.0,250021952,Retail Stores,Shift Supervisor
481063424208,20250316154641,SHIFT_SUPERVISOR,10358,ok,1738161987.0,1740815586.0,250013405,Retail Stores,Shift Supervisor
481064029702,20250319065036,SHIFT_SUPERVISOR,29462,ok,1741686088.0,1742003137.0,250022490,Retail Stores,Shift Supervisor
481063789013,20250324093554,BARISTA,05400,ok,1741013261.0,1741021885.0,250020826,Retail Stores,Barista
481064686000,20250426010408,SHIFT_SUPERVISOR,07528,ok,1744725125.0,1745308843.0,250029600,Retail Stores,Shift Supervisor
481064497209,20250430000343,DISTRICT_MANAGER,,ok,1743815725.0,1745899294.0,250026510,Retail Leadership,District Manager
481064466527,20250430143300,STORE_MANAGER,,ok,1743731536.0,1745914000.0,250026281,Retail Leadership,Assistant Store Manager
481063463247,20250425095142,BARISTA,64900,ok,1738345706.0,1744185200.0,250013992,Retail Stores,Barista
481064699115,20250418201115,STORE_MANAGER,,ok,1744765095.0,1744765939.0,250029866,Retail Leadership,Assistant Store Manager
481064607696,20250430232950,BARISTA,64929,ok,1744551844.0,1744961806.0,250027815,Retail Stores,Barista
481064694835,20250425191749,STORE_MANAGER,,ok,1744752502.0,1744755536.0,250029844,Retail Leadership,Store Manager
481064625517,20250424003014,SHIFT_SUPERVISOR,00691,ok,1744638401.0,1745049773.0,250028554,Retail Stores,Shift Supervisor
481064590696,20250427142737,BARISTA,08981,ok,1744379061.0,1744383906.0,250027408,Retail Stores,Barista
481064607595,20250418233706,BARISTA,81328,ok,1744551959.0,1744556928.0,250027949,Retail Stores,Barista
481065604109,20250530031140,BARISTA,51517,ok,1747402998.0,1747970584.0,250043923,Retail Stores,Barista
481065604064,20250530031631,BARISTA,02916,ok,1747402956.0,1748246054.0,250043882,Retail Stores,Barista
481064911060,20250522070307,BARISTA,61392,ok,1745415731.0,1745421022.0,250034978,Retail Stores,Barista
481064894465,20250515134254,SHIFT_SUPERVISOR,04904,ok,1745329789.0,1745334460.0,250034537,Retail Stores,Shift Supervisor
481065439969,20250517023424,BARISTA,10514,ok,1746625064.0,1746630428.0,250041517,Retail Stores,Barista
481064782914,20250523205058,SHIFT_SUPERVISOR,58014,ok,1744983784.0,1747663164.0,250030854,Retail Stores,Shift Supervisor
481064885474,20250520192804,BARISTA,00535,ok,1745242923.0,1745653316.0,250033280,Retail Stores,Barista
481065166083,20250521054534,SHIFT_SUPERVISOR,09490,ok,1745847987.0,1747295758.0,250038557,Retail Stores,Shift Supervisor
481064894585,20250521084841,BARISTA,05688,ok,1745329690.0,1747467799.0,250034387,Retail Stores,Barista
481064783384,20250515031904,BARISTA,00454,ok,1744983734.0,1745653125.0,250030790,Retail Stores,Barista
481065893212,20250619041549,SHIFT_SUPERVISOR,09680,ok,1749389807.0,1750038052.0,250047797,Retail Stores,Shift Supervisor
481065448761,20250611055452,OTHER,,ok,1746666921.0,1749186063.0,250041800,Technology,Project/Product/Program Management
481065589797,20250603193204,SHIFT_SUPERVISOR,11063,ok,1747316363.0,1747965046.0,250043543,Retail Stores,Shift Supervisor
481065894818,20250613190729,SHIFT_SUPERVISOR,09599,ok,1749391085.0,1749396271.0,250049197,Retail Stores,Shift Supervisor
481065901062,20250621075419,SHIFT_SUPERVISOR,11162,ok,1749477064.0,1749482413.0,250050158,Retail Stores,Shift Supervisor
481065894431,20250624231502,SHIFT_SUPERVISOR,08785,ok,1749391097.0,1750578754.0,250049211,Retail Stores,Shift Supervisor
481065544987,20250606064526,BARISTA,80432,ok,1747145902.0,1747974449.0,250042716,Retail Stores,Barista
481065594469,20250603192911,STORE_MANAGER,,ok,1747340394.0,1748678087.0,250043618,Retail Leadership,Assistant Store Manager
481065893672,20250617134538,BARISTA,59632,ok,1749390711.0,1749801942.0,250048790,Retail Stores,Barista
481065595237,20250603192811,STORE_MANAGER,,ok,1747345128.0,1748524180.0,250043644,Retail Leadership,Store Manager
481066272412,20250709120111,SHIFT_SUPERVISOR,06391,ok,1751031822.0,1751529199.0,250064818,Retail Stores,Shift Supervisor
481066037901,20250712155822,BARISTA,50368,ok,1750168347.0,1751442330.0,250056906,Retail Stores,Barista
481066004532,20250709151511,BARISTA,28813,ok,1749995450.0,1750664981.0,250054528,Retail Stores,Barista
481066074284,20250710004508,SHIFT_SUPERVISOR,66412,ok,1750254462.0,1750837835.0,250057802,Retail Stores,Shift Supervisor
481066210236,20250711111904,SHIFT_SUPERVISOR,11361,ok,1750859564.0,1751982527.0,250063521,Retail Stores,Shift Supervisor
481066357496,20250714034504,BARISTA,07945,ok,1751204463.0,1751875979.0,250065581,Retail Stores,Barista
481066074117,20250709165234,BARISTA,66400,ok,1750254374.0,1751961861.0,250057707,Retail Stores,Barista
481066357250,20250711184637,SHIFT_SUPERVISOR,08215,ok,1751204913.0,1751356461.0,250066111,Retail Stores,Shift Supervisor
481066097288,20250716012927,BARISTA,67095,ok,1750340946.0,1751933985.0,250058601,Retail Stores,Barista
481066136111,20250714091512,SHIFT_SUPERVISOR,80446,ok,1750599806.0,1750605487.0,250059984,Retail Stores,Shift Supervisor
481066689268,20250804193557,SHIFT_SUPERVISOR,56174,ok,1753018799.0,1753024432.0,250069661,Retail Stores,Shift Supervisor
481066689230,20250808045429,SHIFT_SUPERVISOR,04845,ok,,,,,
481066689220,20250812050853,BARISTA,80317,ok,,,,,
481066720140,20250804195822,BARISTA,03226,ok,1753191533.0,1753196748.0,250069995,Retail Stores,Barista
481066607779,20250814141325,SHIFT_SUPERVISOR,04226,ok,,,,,
481066689202,20250806180347,SHIFT_SUPERVISOR,17256,ok,1753018772.0,1754121760.0,250069623,Retail Stores,Shift Supervisor
481066620507,20250808050426,SHIFT_SUPERVISOR,54867,ok,,,,,
481066874616,20250803180243,BARISTA,24470,ok,1753882754.0,1753887559.0,250070875,Retail Stores,Barista
481065922273,20250814211422,SHIFT_SUPERVISOR,11907,ok,,,,,
481066607714,20250807124949,SHIFT_SUPERVISOR,04752,ok,1752587129.0,1752592035.0,250068298,Retail Stores,Shift Supervisor
481066386476,20250909231711,BARISTA,06843,ok,,,,,
481065900432,20250909140552,SHIFT_SUPERVISOR,11275,ok,,,,,
481065894156,20250905162627,SHIFT_SUPERVISOR,10360,ok,,,,,
481066147062,20250913023340,SHIFT_SUPERVISOR,82433,ok,,,,,
481067280216,20250912220908,BARISTA,11922,ok,,,,,
481065922552,20250906080349,SHIFT_SUPERVISOR,11482,ok,,,,,
481066038505,20250916224734,BARISTA,61906,ok,,,,,
481066074828,20250909041917,SHIFT_SUPERVISOR,66478,ok,,,,,
481066940762,20250916075656,BARISTA,61500,ok,,,,,
481065894330,20250908004837,BARISTA,10202,ok,,,,,
481074163997,20251004171437,SHIFT_SUPERVISOR,09952,ok,,,,,
481074130644,20251004123354,SHIFT_SUPERVISOR,07874,ok,,,,,
481074285613,20251004081930,SHIFT_SUPERVISOR,29155,ok,,,,,
481074165118,20251003183304,SHIFT_SUPERVISOR,10021,ok,,,,,
481074354423,20251003131608,SHIFT_SUPERVISOR,68275,ok,,,,,
481074533940,20251004063234,SHIFT_SUPERVISOR,05910,ok,,,,,
481074398783,20251004065031,SHIFT_SUPERVISOR,07863,ok,,,,,
481074397016,20251004130905,BARISTA,07229,ok,,,,,
481074399236,20251003163355,BARISTA,07485,ok,,,,,
481074412598,20251004023228,BARISTA,78780,ok,,,,,
481074985963,20251109041102,SHIFT_SUPERVISOR,26040,ok,,,,,
481074903430,20251109163326,SHIFT_SUPERVISOR,56215,ok,,,,,
481074765773,20251109042122,BARISTA,07885,ok,,,,,
481074882587,20251108213243,SHIFT_SUPERVISOR,04326,ok,,,,,
481074831705,20251117183009,BARISTA,04423,ok,,,,,
481075036110,20251118102731,STORE_MANAGER,,ok,,,,,
481074882288,20251115084100,BARISTA,04669,ok,,,,,
481074760801,20251108012419,SHIFT_SUPERVISOR,85188,ok,,,,,
481074754240,20251107053512,BARISTA,07933,ok,,,,,
481074811067,20251116005349,BARISTA,67091,ok,,,,,
481075423391,20251210074037,SHIFT_SUPERVISOR,14137,ok,,,,,
481075285997,20251207184942,BARISTA,63115,ok,,,,,
481075051737,20251206213942,BARISTA,67342,ok,,,,,
481074964131,20251215090349,SHIFT_SUPERVISOR,82613,ok,,,,,
481075322546,20251215195601,SHIFT_SUPERVISOR,50314,ok,,,,,
481075300753,20251207194912,STORE_MANAGER,,ok,,,,,
481075087481,20251212213133,BARISTA,08119,ok,,,,,
481074832024,20251213012450,SHIFT_SUPERVISOR,16944,ok,,,,,
481075045339,20251215194307,BARISTA,61393,ok,,,,,
481075096036,20251206214852,OTHER,,ok,,,,,
